feature,method,model,score,score_type,selected,Method
Total Students 2018-2019,Variance Threshold,N/A,1.0,N/A,1,Variance Threshold
Total Students 2020-2021,Variance Threshold,N/A,1.0,N/A,1,Variance Threshold
Labor Force Diff,Variance Threshold,N/A,0.0,N/A,0,Variance Threshold
Employed Diff,Variance Threshold,N/A,0.0,N/A,0,Variance Threshold
Unemployed Level Diff,Variance Threshold,N/A,0.0,N/A,0,Variance Threshold
Unemployed Rate Diff,Variance Threshold,N/A,0.0,N/A,0,Variance Threshold
Median Age 10,Variance Threshold,N/A,1.0,N/A,1,Variance Threshold
Median Age Male 10,Variance Threshold,N/A,1.0,N/A,1,Variance Threshold
Median Age Female 10,Variance Threshold,N/A,1.0,N/A,1,Variance Threshold
# of Households 10,Variance Threshold,N/A,1.0,N/A,1,Variance Threshold
Avg Household Size 10,Variance Threshold,N/A,1.0,N/A,1,Variance Threshold
# of Families 10,Variance Threshold,N/A,1.0,N/A,1,Variance Threshold
Avg Family Size 10,Variance Threshold,N/A,1.0,N/A,1,Variance Threshold
# of Housing Units 10,Variance Threshold,N/A,1.0,N/A,1,Variance Threshold
County Population,Variance Threshold,N/A,1.0,N/A,1,Variance Threshold
CARES ESSER I 20,Variance Threshold,N/A,1.0,N/A,1,Variance Threshold
% School-wide Title I 2020-2021,Variance Threshold,N/A,0.0,N/A,0,Variance Threshold
% School-wide Title I 2018-2019,Variance Threshold,N/A,0.0,N/A,0,Variance Threshold
% Title I Eligible School 2020-2021,Variance Threshold,N/A,0.0,N/A,0,Variance Threshold
% Title I Eligible School 2018-2019,Variance Threshold,N/A,0.0,N/A,0,Variance Threshold
Teachers:Students 2020-2021,Variance Threshold,N/A,0.0,N/A,0,Variance Threshold
Teachers:Students 2018-2019,Variance Threshold,N/A,0.0,N/A,0,Variance Threshold
Staff:Students 2020-2021,Variance Threshold,N/A,0.0,N/A,0,Variance Threshold
Staff:Students 2018-2019,Variance Threshold,N/A,0.0,N/A,0,Variance Threshold
% Free Lunch 2020-2021,Variance Threshold,N/A,0.0,N/A,0,Variance Threshold
% Free Lunch 2018-2019,Variance Threshold,N/A,0.0,N/A,0,Variance Threshold
% Reduced-price Lunch 2020-2021,Variance Threshold,N/A,0.0,N/A,0,Variance Threshold
% Reduced-price Lunch 2018-2019,Variance Threshold,N/A,0.0,N/A,0,Variance Threshold
% Asian or Asian/Pacific Islander Students 2020-2021,Variance Threshold,N/A,0.0,N/A,0,Variance Threshold
% Asian or Asian/Pacific Islander Students 2018-2019,Variance Threshold,N/A,0.0,N/A,0,Variance Threshold
% Hispanic Students 2020-2021,Variance Threshold,N/A,0.0,N/A,0,Variance Threshold
% Hispanic Students 2018-2019,Variance Threshold,N/A,0.0,N/A,0,Variance Threshold
% Black or African American Students 2020-2021,Variance Threshold,N/A,0.0,N/A,0,Variance Threshold
% Black or African American Students 2018-2019,Variance Threshold,N/A,0.0,N/A,0,Variance Threshold
% White Students 2020-2021,Variance Threshold,N/A,0.0,N/A,0,Variance Threshold
% White Students 2018-2019,Variance Threshold,N/A,0.0,N/A,0,Variance Threshold
% Grades 1-8 2020-2021,Variance Threshold,N/A,0.0,N/A,0,Variance Threshold
% Grades 1-8 2018-2019,Variance Threshold,N/A,0.0,N/A,0,Variance Threshold
% Grades 9-12 2020-2021,Variance Threshold,N/A,0.0,N/A,0,Variance Threshold
% Grades 9-12 2018-2019,Variance Threshold,N/A,0.0,N/A,0,Variance Threshold
% Prek 2020-2021,Variance Threshold,N/A,0.0,N/A,0,Variance Threshold
% Prek 2018-2019,Variance Threshold,N/A,0.0,N/A,0,Variance Threshold
% K 2020-2021,Variance Threshold,N/A,0.0,N/A,0,Variance Threshold
% K 2018-2019,Variance Threshold,N/A,0.0,N/A,0,Variance Threshold
% ADA 2018-2019,Variance Threshold,N/A,0.0,N/A,0,Variance Threshold
% ADA 2020-2021,Variance Threshold,N/A,0.0,N/A,0,Variance Threshold
% Students Tested Math - Grade 3 2018-2019,Variance Threshold,N/A,0.0,N/A,0,Variance Threshold
% Students Tested Math - Grade 4 2018-2019,Variance Threshold,N/A,0.0,N/A,0,Variance Threshold
% Students Tested Math - Grade 5 2018-2019,Variance Threshold,N/A,0.0,N/A,0,Variance Threshold
% Students Tested Math - Grade 6 2018-2019,Variance Threshold,N/A,0.0,N/A,0,Variance Threshold
% Students Tested Math - Grade 7 2018-2019,Variance Threshold,N/A,0.0,N/A,0,Variance Threshold
% Students Tested Math - Grade 8 2018-2019,Variance Threshold,N/A,0.0,N/A,0,Variance Threshold
% Students Tested Math - Grade 3 2020-2021,Variance Threshold,N/A,0.0,N/A,0,Variance Threshold
% Students Tested Math - Grade 4 2020-2021,Variance Threshold,N/A,0.0,N/A,0,Variance Threshold
% Students Tested Math - Grade 5 2020-2021,Variance Threshold,N/A,0.0,N/A,0,Variance Threshold
% Students Tested Math - Grade 6 2020-2021,Variance Threshold,N/A,0.0,N/A,0,Variance Threshold
% Students Tested Math - Grade 7 2020-2021,Variance Threshold,N/A,0.0,N/A,0,Variance Threshold
% Students Tested Math - Grade 8 2020-2021,Variance Threshold,N/A,0.0,N/A,0,Variance Threshold
Average Score Math All Grade 3 2018-2019,Variance Threshold,N/A,0.0,N/A,0,Variance Threshold
Average Score Math All Grade 4 2018-2019,Variance Threshold,N/A,0.0,N/A,0,Variance Threshold
Average Score Math All Grade 5 2018-2019,Variance Threshold,N/A,0.0,N/A,0,Variance Threshold
Average Score Math All Grade 6 2018-2019,Variance Threshold,N/A,0.0,N/A,0,Variance Threshold
Average Score Math All Grade 7 2018-2019,Variance Threshold,N/A,0.0,N/A,0,Variance Threshold
Average Score Math All Grade 8 2018-2019,Variance Threshold,N/A,0.0,N/A,0,Variance Threshold
% County Infected 09/28/20,Variance Threshold,N/A,0.0,N/A,0,Variance Threshold
% County Deaths 09/28/20,Variance Threshold,N/A,0.0,N/A,0,Variance Threshold
% County Infected 10/30/20,Variance Threshold,N/A,0.0,N/A,0,Variance Threshold
% County Deaths 10/30/20,Variance Threshold,N/A,0.0,N/A,0,Variance Threshold
% County Infected 01/29/21,Variance Threshold,N/A,0.0,N/A,0,Variance Threshold
% County Deaths 01/29/21,Variance Threshold,N/A,0.0,N/A,0,Variance Threshold
% On Campus 09/28/20,Variance Threshold,N/A,0.0,N/A,0,Variance Threshold
% On Campus 10/30/20,Variance Threshold,N/A,0.0,N/A,0,Variance Threshold
% On Campus 01/29/21,Variance Threshold,N/A,0.0,N/A,0,Variance Threshold
% White Pop 10,Variance Threshold,N/A,0.0,N/A,0,Variance Threshold
% Black Pop 10,Variance Threshold,N/A,0.0,N/A,0,Variance Threshold
% Asian Pop 10,Variance Threshold,N/A,0.0,N/A,0,Variance Threshold
% Hispanic Pop 10,Variance Threshold,N/A,0.0,N/A,0,Variance Threshold
% Male Pop 10,Variance Threshold,N/A,0.0,N/A,0,Variance Threshold
% Female Pop 10,Variance Threshold,N/A,0.0,N/A,0,Variance Threshold
% Age 0-4 Pop 10,Variance Threshold,N/A,0.0,N/A,0,Variance Threshold
% Age 5-9 Pop 10,Variance Threshold,N/A,0.0,N/A,0,Variance Threshold
% Age 10-14 Pop 10,Variance Threshold,N/A,0.0,N/A,0,Variance Threshold
% Age 15-19 Pop 10,Variance Threshold,N/A,0.0,N/A,0,Variance Threshold
% Age 20-24 Pop 10,Variance Threshold,N/A,0.0,N/A,0,Variance Threshold
% Age 25-34 Pop 10,Variance Threshold,N/A,0.0,N/A,0,Variance Threshold
% Age 35-44 Pop 10,Variance Threshold,N/A,0.0,N/A,0,Variance Threshold
% Age 45-54 Pop 10,Variance Threshold,N/A,0.0,N/A,0,Variance Threshold
% Age 55-64 Pop 10,Variance Threshold,N/A,0.0,N/A,0,Variance Threshold
% Age 65-74 Pop 10,Variance Threshold,N/A,0.0,N/A,0,Variance Threshold
% Age 75-84 Pop 10,Variance Threshold,N/A,0.0,N/A,0,Variance Threshold
% Age 85-Up Pop 10,Variance Threshold,N/A,0.0,N/A,0,Variance Threshold
% HH 1 Male 10,Variance Threshold,N/A,0.0,N/A,0,Variance Threshold
% HH 1 Female 10,Variance Threshold,N/A,0.0,N/A,0,Variance Threshold
% HH Married-Child 10,Variance Threshold,N/A,0.0,N/A,0,Variance Threshold
% HH Married-noChild 10,Variance Threshold,N/A,0.0,N/A,0,Variance Threshold
% HH Male-Child 10,Variance Threshold,N/A,0.0,N/A,0,Variance Threshold
% HH Female-Child 10,Variance Threshold,N/A,0.0,N/A,0,Variance Threshold
% Housing Vacant 10,Variance Threshold,N/A,0.0,N/A,0,Variance Threshold
% Housing Owner Occup 10,Variance Threshold,N/A,0.0,N/A,0,Variance Threshold
% Housing Renter Occup 10,Variance Threshold,N/A,0.0,N/A,0,Variance Threshold
Total Schools Diff,Variance Threshold,N/A,0.0,N/A,0,Variance Threshold
% Operational Schools Diff,Variance Threshold,N/A,0.0,N/A,0,Variance Threshold
Locale_11-City: Large,Variance Threshold,N/A,0.0,N/A,0,Variance Threshold
Locale_12-City: Mid-size,Variance Threshold,N/A,0.0,N/A,0,Variance Threshold
Locale_13-City: Small,Variance Threshold,N/A,0.0,N/A,0,Variance Threshold
Locale_21-Suburb: Large,Variance Threshold,N/A,0.0,N/A,0,Variance Threshold
Locale_22-Suburb: Mid-size,Variance Threshold,N/A,0.0,N/A,0,Variance Threshold
Locale_23-Suburb: Small,Variance Threshold,N/A,0.0,N/A,0,Variance Threshold
Locale_31-Town: Fringe,Variance Threshold,N/A,0.0,N/A,0,Variance Threshold
Locale_32-Town: Distant,Variance Threshold,N/A,0.0,N/A,0,Variance Threshold
Locale_33-Town: Remote,Variance Threshold,N/A,0.0,N/A,0,Variance Threshold
Locale_41-Rural: Fringe,Variance Threshold,N/A,0.0,N/A,0,Variance Threshold
Locale_42-Rural: Distant,Variance Threshold,N/A,1.0,N/A,1,Variance Threshold
Locale_43-Rural: Remote,Variance Threshold,N/A,0.0,N/A,0,Variance Threshold
Total Students 2018-2019,Regularization,Lasso,0.0,N/A,0,Regularization - Lasso
Total Students 2020-2021,Regularization,Lasso,0.0,N/A,0,Regularization - Lasso
Labor Force Diff,Regularization,Lasso,-0.013845826347815686,N/A,1,Regularization - Lasso
Employed Diff,Regularization,Lasso,0.0,N/A,0,Regularization - Lasso
Unemployed Level Diff,Regularization,Lasso,0.20266997659639543,N/A,1,Regularization - Lasso
Unemployed Rate Diff,Regularization,Lasso,0.0,N/A,0,Regularization - Lasso
Median Age 10,Regularization,Lasso,0.0,N/A,0,Regularization - Lasso
Median Age Male 10,Regularization,Lasso,0.0,N/A,0,Regularization - Lasso
Median Age Female 10,Regularization,Lasso,0.0,N/A,0,Regularization - Lasso
# of Households 10,Regularization,Lasso,0.0,N/A,0,Regularization - Lasso
Avg Household Size 10,Regularization,Lasso,0.0,N/A,0,Regularization - Lasso
# of Families 10,Regularization,Lasso,0.0,N/A,0,Regularization - Lasso
Avg Family Size 10,Regularization,Lasso,0.0,N/A,0,Regularization - Lasso
# of Housing Units 10,Regularization,Lasso,0.0,N/A,0,Regularization - Lasso
County Population,Regularization,Lasso,0.0,N/A,0,Regularization - Lasso
CARES ESSER I 20,Regularization,Lasso,-0.06043880884225223,N/A,1,Regularization - Lasso
% School-wide Title I 2020-2021,Regularization,Lasso,0.0,N/A,0,Regularization - Lasso
% School-wide Title I 2018-2019,Regularization,Lasso,-0.03648812121289118,N/A,1,Regularization - Lasso
% Title I Eligible School 2020-2021,Regularization,Lasso,-0.061178242726213604,N/A,1,Regularization - Lasso
% Title I Eligible School 2018-2019,Regularization,Lasso,0.0,N/A,0,Regularization - Lasso
Teachers:Students 2020-2021,Regularization,Lasso,-0.17567471144751418,N/A,1,Regularization - Lasso
Teachers:Students 2018-2019,Regularization,Lasso,-0.13346133034861493,N/A,1,Regularization - Lasso
Staff:Students 2020-2021,Regularization,Lasso,0.0,N/A,0,Regularization - Lasso
Staff:Students 2018-2019,Regularization,Lasso,0.0,N/A,0,Regularization - Lasso
% Free Lunch 2020-2021,Regularization,Lasso,0.0,N/A,0,Regularization - Lasso
% Free Lunch 2018-2019,Regularization,Lasso,0.0,N/A,0,Regularization - Lasso
% Reduced-price Lunch 2020-2021,Regularization,Lasso,-0.014369416851028471,N/A,1,Regularization - Lasso
% Reduced-price Lunch 2018-2019,Regularization,Lasso,0.0,N/A,0,Regularization - Lasso
% Asian or Asian/Pacific Islander Students 2020-2021,Regularization,Lasso,0.0,N/A,0,Regularization - Lasso
% Asian or Asian/Pacific Islander Students 2018-2019,Regularization,Lasso,0.05883946642257018,N/A,1,Regularization - Lasso
% Hispanic Students 2020-2021,Regularization,Lasso,0.0,N/A,0,Regularization - Lasso
% Hispanic Students 2018-2019,Regularization,Lasso,-0.0015673028018932174,N/A,1,Regularization - Lasso
% Black or African American Students 2020-2021,Regularization,Lasso,0.0,N/A,0,Regularization - Lasso
% Black or African American Students 2018-2019,Regularization,Lasso,0.0,N/A,0,Regularization - Lasso
% White Students 2020-2021,Regularization,Lasso,0.0,N/A,0,Regularization - Lasso
% White Students 2018-2019,Regularization,Lasso,0.0,N/A,0,Regularization - Lasso
% Grades 1-8 2020-2021,Regularization,Lasso,0.0,N/A,0,Regularization - Lasso
% Grades 1-8 2018-2019,Regularization,Lasso,0.0,N/A,0,Regularization - Lasso
% Grades 9-12 2020-2021,Regularization,Lasso,0.0,N/A,0,Regularization - Lasso
% Grades 9-12 2018-2019,Regularization,Lasso,0.0,N/A,0,Regularization - Lasso
% Prek 2020-2021,Regularization,Lasso,0.0,N/A,0,Regularization - Lasso
% Prek 2018-2019,Regularization,Lasso,0.0,N/A,0,Regularization - Lasso
% K 2020-2021,Regularization,Lasso,0.0,N/A,0,Regularization - Lasso
% K 2018-2019,Regularization,Lasso,0.0,N/A,0,Regularization - Lasso
% ADA 2018-2019,Regularization,Lasso,0.0,N/A,0,Regularization - Lasso
% ADA 2020-2021,Regularization,Lasso,0.0,N/A,0,Regularization - Lasso
% Students Tested Math - Grade 3 2018-2019,Regularization,Lasso,0.0,N/A,0,Regularization - Lasso
% Students Tested Math - Grade 4 2018-2019,Regularization,Lasso,0.0,N/A,0,Regularization - Lasso
% Students Tested Math - Grade 5 2018-2019,Regularization,Lasso,-0.16396325183221952,N/A,1,Regularization - Lasso
% Students Tested Math - Grade 6 2018-2019,Regularization,Lasso,-0.16556500296129487,N/A,1,Regularization - Lasso
% Students Tested Math - Grade 7 2018-2019,Regularization,Lasso,0.0,N/A,0,Regularization - Lasso
% Students Tested Math - Grade 8 2018-2019,Regularization,Lasso,0.0,N/A,0,Regularization - Lasso
% Students Tested Math - Grade 3 2020-2021,Regularization,Lasso,0.0,N/A,0,Regularization - Lasso
% Students Tested Math - Grade 4 2020-2021,Regularization,Lasso,0.0,N/A,0,Regularization - Lasso
% Students Tested Math - Grade 5 2020-2021,Regularization,Lasso,0.0642594973525613,N/A,1,Regularization - Lasso
% Students Tested Math - Grade 6 2020-2021,Regularization,Lasso,0.0,N/A,0,Regularization - Lasso
% Students Tested Math - Grade 7 2020-2021,Regularization,Lasso,0.0,N/A,0,Regularization - Lasso
% Students Tested Math - Grade 8 2020-2021,Regularization,Lasso,0.15363025249435255,N/A,1,Regularization - Lasso
Average Score Math All Grade 3 2018-2019,Regularization,Lasso,-0.058817320368318,N/A,1,Regularization - Lasso
Average Score Math All Grade 4 2018-2019,Regularization,Lasso,0.0,N/A,0,Regularization - Lasso
Average Score Math All Grade 5 2018-2019,Regularization,Lasso,0.0,N/A,0,Regularization - Lasso
Average Score Math All Grade 6 2018-2019,Regularization,Lasso,0.0,N/A,0,Regularization - Lasso
Average Score Math All Grade 7 2018-2019,Regularization,Lasso,0.0,N/A,0,Regularization - Lasso
Average Score Math All Grade 8 2018-2019,Regularization,Lasso,0.15055681018732142,N/A,1,Regularization - Lasso
% County Infected 09/28/20,Regularization,Lasso,0.0,N/A,0,Regularization - Lasso
% County Deaths 09/28/20,Regularization,Lasso,0.0,N/A,0,Regularization - Lasso
% County Infected 10/30/20,Regularization,Lasso,-0.09491539349741583,N/A,1,Regularization - Lasso
% County Deaths 10/30/20,Regularization,Lasso,0.0,N/A,0,Regularization - Lasso
% County Infected 01/29/21,Regularization,Lasso,0.0,N/A,0,Regularization - Lasso
% County Deaths 01/29/21,Regularization,Lasso,0.0,N/A,0,Regularization - Lasso
% On Campus 09/28/20,Regularization,Lasso,0.0,N/A,0,Regularization - Lasso
% On Campus 10/30/20,Regularization,Lasso,0.2982734314442566,N/A,1,Regularization - Lasso
% On Campus 01/29/21,Regularization,Lasso,0.22204793741376577,N/A,1,Regularization - Lasso
% White Pop 10,Regularization,Lasso,-0.009228647350278582,N/A,1,Regularization - Lasso
% Black Pop 10,Regularization,Lasso,0.05946580746828688,N/A,1,Regularization - Lasso
% Asian Pop 10,Regularization,Lasso,0.0,N/A,0,Regularization - Lasso
% Hispanic Pop 10,Regularization,Lasso,0.0,N/A,0,Regularization - Lasso
% Male Pop 10,Regularization,Lasso,0.0,N/A,0,Regularization - Lasso
% Female Pop 10,Regularization,Lasso,0.0,N/A,0,Regularization - Lasso
% Age 0-4 Pop 10,Regularization,Lasso,0.0,N/A,0,Regularization - Lasso
% Age 5-9 Pop 10,Regularization,Lasso,0.0,N/A,0,Regularization - Lasso
% Age 10-14 Pop 10,Regularization,Lasso,0.0,N/A,0,Regularization - Lasso
% Age 15-19 Pop 10,Regularization,Lasso,0.012428526910318186,N/A,1,Regularization - Lasso
% Age 20-24 Pop 10,Regularization,Lasso,0.06619636194433118,N/A,1,Regularization - Lasso
% Age 25-34 Pop 10,Regularization,Lasso,0.0,N/A,0,Regularization - Lasso
% Age 35-44 Pop 10,Regularization,Lasso,0.0,N/A,0,Regularization - Lasso
% Age 45-54 Pop 10,Regularization,Lasso,0.027383666542687046,N/A,1,Regularization - Lasso
% Age 55-64 Pop 10,Regularization,Lasso,0.0,N/A,0,Regularization - Lasso
% Age 65-74 Pop 10,Regularization,Lasso,0.0,N/A,0,Regularization - Lasso
% Age 75-84 Pop 10,Regularization,Lasso,0.0,N/A,0,Regularization - Lasso
% Age 85-Up Pop 10,Regularization,Lasso,0.0,N/A,0,Regularization - Lasso
% HH 1 Male 10,Regularization,Lasso,0.0,N/A,0,Regularization - Lasso
% HH 1 Female 10,Regularization,Lasso,0.0,N/A,0,Regularization - Lasso
% HH Married-Child 10,Regularization,Lasso,0.0,N/A,0,Regularization - Lasso
% HH Married-noChild 10,Regularization,Lasso,0.0,N/A,0,Regularization - Lasso
% HH Male-Child 10,Regularization,Lasso,0.0,N/A,0,Regularization - Lasso
% HH Female-Child 10,Regularization,Lasso,0.0,N/A,0,Regularization - Lasso
% Housing Vacant 10,Regularization,Lasso,0.0,N/A,0,Regularization - Lasso
% Housing Owner Occup 10,Regularization,Lasso,0.0,N/A,0,Regularization - Lasso
% Housing Renter Occup 10,Regularization,Lasso,0.0,N/A,0,Regularization - Lasso
Total Schools Diff,Regularization,Lasso,0.0,N/A,0,Regularization - Lasso
% Operational Schools Diff,Regularization,Lasso,0.04171033254253812,N/A,1,Regularization - Lasso
Locale_11-City: Large,Regularization,Lasso,0.0,N/A,0,Regularization - Lasso
Locale_12-City: Mid-size,Regularization,Lasso,0.0,N/A,0,Regularization - Lasso
Locale_13-City: Small,Regularization,Lasso,0.020575956285940455,N/A,1,Regularization - Lasso
Locale_21-Suburb: Large,Regularization,Lasso,0.04353523816740572,N/A,1,Regularization - Lasso
Locale_22-Suburb: Mid-size,Regularization,Lasso,0.06535258155775633,N/A,1,Regularization - Lasso
Locale_23-Suburb: Small,Regularization,Lasso,0.0,N/A,0,Regularization - Lasso
Locale_31-Town: Fringe,Regularization,Lasso,0.0,N/A,0,Regularization - Lasso
Locale_32-Town: Distant,Regularization,Lasso,-0.010698420121498334,N/A,1,Regularization - Lasso
Locale_33-Town: Remote,Regularization,Lasso,0.0,N/A,0,Regularization - Lasso
Locale_41-Rural: Fringe,Regularization,Lasso,0.0,N/A,0,Regularization - Lasso
Locale_42-Rural: Distant,Regularization,Lasso,-0.06832764873924965,N/A,1,Regularization - Lasso
Locale_43-Rural: Remote,Regularization,Lasso,0.0,N/A,0,Regularization - Lasso
Total Students 2018-2019,Feature Importance,Random Forest,0.011787618455985279,importances,1,Feature Importance - Random Forest
Total Students 2020-2021,Feature Importance,Random Forest,0.012597906827284622,importances,1,Feature Importance - Random Forest
Labor Force Diff,Feature Importance,Random Forest,0.009200543287301254,importances,1,Feature Importance - Random Forest
Employed Diff,Feature Importance,Random Forest,0.006869166640385857,importances,0,Feature Importance - Random Forest
Unemployed Level Diff,Feature Importance,Random Forest,0.007046595742698189,importances,0,Feature Importance - Random Forest
Unemployed Rate Diff,Feature Importance,Random Forest,0.005269624400909672,importances,0,Feature Importance - Random Forest
Median Age 10,Feature Importance,Random Forest,0.006728936319721846,importances,0,Feature Importance - Random Forest
Median Age Male 10,Feature Importance,Random Forest,0.008763016774722285,importances,1,Feature Importance - Random Forest
Median Age Female 10,Feature Importance,Random Forest,0.007247221846570685,importances,0,Feature Importance - Random Forest
# of Households 10,Feature Importance,Random Forest,0.007460014255917096,importances,0,Feature Importance - Random Forest
Avg Household Size 10,Feature Importance,Random Forest,0.013512851226192425,importances,1,Feature Importance - Random Forest
# of Families 10,Feature Importance,Random Forest,0.009446093438164372,importances,1,Feature Importance - Random Forest
Avg Family Size 10,Feature Importance,Random Forest,0.010922330814348642,importances,1,Feature Importance - Random Forest
# of Housing Units 10,Feature Importance,Random Forest,0.005687994550752087,importances,0,Feature Importance - Random Forest
County Population,Feature Importance,Random Forest,0.009637209420920534,importances,1,Feature Importance - Random Forest
CARES ESSER I 20,Feature Importance,Random Forest,0.011766255880452506,importances,1,Feature Importance - Random Forest
% School-wide Title I 2020-2021,Feature Importance,Random Forest,0.00396535347228414,importances,0,Feature Importance - Random Forest
% School-wide Title I 2018-2019,Feature Importance,Random Forest,0.004433695215486189,importances,0,Feature Importance - Random Forest
% Title I Eligible School 2020-2021,Feature Importance,Random Forest,0.002674841063084947,importances,0,Feature Importance - Random Forest
% Title I Eligible School 2018-2019,Feature Importance,Random Forest,0.0041376455184496804,importances,0,Feature Importance - Random Forest
Teachers:Students 2020-2021,Feature Importance,Random Forest,0.012126381950566333,importances,1,Feature Importance - Random Forest
Teachers:Students 2018-2019,Feature Importance,Random Forest,0.010853507480928977,importances,1,Feature Importance - Random Forest
Staff:Students 2020-2021,Feature Importance,Random Forest,0.008629637808523579,importances,1,Feature Importance - Random Forest
Staff:Students 2018-2019,Feature Importance,Random Forest,0.008590305547171778,importances,1,Feature Importance - Random Forest
% Free Lunch 2020-2021,Feature Importance,Random Forest,0.013120968042059398,importances,1,Feature Importance - Random Forest
% Free Lunch 2018-2019,Feature Importance,Random Forest,0.015996440358532368,importances,1,Feature Importance - Random Forest
% Reduced-price Lunch 2020-2021,Feature Importance,Random Forest,0.008025299443076051,importances,1,Feature Importance - Random Forest
% Reduced-price Lunch 2018-2019,Feature Importance,Random Forest,0.007637707524074449,importances,1,Feature Importance - Random Forest
% Asian or Asian/Pacific Islander Students 2020-2021,Feature Importance,Random Forest,0.010969405639690679,importances,1,Feature Importance - Random Forest
% Asian or Asian/Pacific Islander Students 2018-2019,Feature Importance,Random Forest,0.0066057141195328475,importances,0,Feature Importance - Random Forest
% Hispanic Students 2020-2021,Feature Importance,Random Forest,0.01571303163298867,importances,1,Feature Importance - Random Forest
% Hispanic Students 2018-2019,Feature Importance,Random Forest,0.012485906515935487,importances,1,Feature Importance - Random Forest
% Black or African American Students 2020-2021,Feature Importance,Random Forest,0.008491465253968036,importances,1,Feature Importance - Random Forest
% Black or African American Students 2018-2019,Feature Importance,Random Forest,0.012546277224784866,importances,1,Feature Importance - Random Forest
% White Students 2020-2021,Feature Importance,Random Forest,0.024334635147636275,importances,1,Feature Importance - Random Forest
% White Students 2018-2019,Feature Importance,Random Forest,0.02686830983964784,importances,1,Feature Importance - Random Forest
% Grades 1-8 2020-2021,Feature Importance,Random Forest,0.008340807006233015,importances,1,Feature Importance - Random Forest
% Grades 1-8 2018-2019,Feature Importance,Random Forest,0.010983038508987568,importances,1,Feature Importance - Random Forest
% Grades 9-12 2020-2021,Feature Importance,Random Forest,0.009376494193200725,importances,1,Feature Importance - Random Forest
% Grades 9-12 2018-2019,Feature Importance,Random Forest,0.010465775915071952,importances,1,Feature Importance - Random Forest
% Prek 2020-2021,Feature Importance,Random Forest,0.010475362340557286,importances,1,Feature Importance - Random Forest
% Prek 2018-2019,Feature Importance,Random Forest,0.008114349490371528,importances,1,Feature Importance - Random Forest
% K 2020-2021,Feature Importance,Random Forest,0.009089722754692798,importances,1,Feature Importance - Random Forest
% K 2018-2019,Feature Importance,Random Forest,0.0074896882098219545,importances,0,Feature Importance - Random Forest
% ADA 2018-2019,Feature Importance,Random Forest,0.010399720242245643,importances,1,Feature Importance - Random Forest
% ADA 2020-2021,Feature Importance,Random Forest,0.013500774520214268,importances,1,Feature Importance - Random Forest
% Students Tested Math - Grade 3 2018-2019,Feature Importance,Random Forest,0.010998976187558735,importances,1,Feature Importance - Random Forest
% Students Tested Math - Grade 4 2018-2019,Feature Importance,Random Forest,0.010263184263959488,importances,1,Feature Importance - Random Forest
% Students Tested Math - Grade 5 2018-2019,Feature Importance,Random Forest,0.01150470358460825,importances,1,Feature Importance - Random Forest
% Students Tested Math - Grade 6 2018-2019,Feature Importance,Random Forest,0.009832597067805872,importances,1,Feature Importance - Random Forest
% Students Tested Math - Grade 7 2018-2019,Feature Importance,Random Forest,0.009108348777318712,importances,1,Feature Importance - Random Forest
% Students Tested Math - Grade 8 2018-2019,Feature Importance,Random Forest,0.011025832855482922,importances,1,Feature Importance - Random Forest
% Students Tested Math - Grade 3 2020-2021,Feature Importance,Random Forest,0.013245864455655726,importances,1,Feature Importance - Random Forest
% Students Tested Math - Grade 4 2020-2021,Feature Importance,Random Forest,0.02035525375607842,importances,1,Feature Importance - Random Forest
% Students Tested Math - Grade 5 2020-2021,Feature Importance,Random Forest,0.017988807317067767,importances,1,Feature Importance - Random Forest
% Students Tested Math - Grade 6 2020-2021,Feature Importance,Random Forest,0.01334287972026833,importances,1,Feature Importance - Random Forest
% Students Tested Math - Grade 7 2020-2021,Feature Importance,Random Forest,0.011178386376338363,importances,1,Feature Importance - Random Forest
% Students Tested Math - Grade 8 2020-2021,Feature Importance,Random Forest,0.012488361203764524,importances,1,Feature Importance - Random Forest
Average Score Math All Grade 3 2018-2019,Feature Importance,Random Forest,0.012864299406082004,importances,1,Feature Importance - Random Forest
Average Score Math All Grade 4 2018-2019,Feature Importance,Random Forest,0.010923960989435108,importances,1,Feature Importance - Random Forest
Average Score Math All Grade 5 2018-2019,Feature Importance,Random Forest,0.011705126788152664,importances,1,Feature Importance - Random Forest
Average Score Math All Grade 6 2018-2019,Feature Importance,Random Forest,0.010738515362309438,importances,1,Feature Importance - Random Forest
Average Score Math All Grade 7 2018-2019,Feature Importance,Random Forest,0.009266006696772558,importances,1,Feature Importance - Random Forest
Average Score Math All Grade 8 2018-2019,Feature Importance,Random Forest,0.0118658474669392,importances,1,Feature Importance - Random Forest
% County Infected 09/28/20,Feature Importance,Random Forest,0.005214876512496719,importances,0,Feature Importance - Random Forest
% County Deaths 09/28/20,Feature Importance,Random Forest,0.004960593911385838,importances,0,Feature Importance - Random Forest
% County Infected 10/30/20,Feature Importance,Random Forest,0.007100262619843078,importances,0,Feature Importance - Random Forest
% County Deaths 10/30/20,Feature Importance,Random Forest,0.005369451969493369,importances,0,Feature Importance - Random Forest
% County Infected 01/29/21,Feature Importance,Random Forest,0.005988981262552315,importances,0,Feature Importance - Random Forest
% County Deaths 01/29/21,Feature Importance,Random Forest,0.008507309749010627,importances,1,Feature Importance - Random Forest
% On Campus 09/28/20,Feature Importance,Random Forest,0.03541379643124225,importances,1,Feature Importance - Random Forest
% On Campus 10/30/20,Feature Importance,Random Forest,0.038375728469361096,importances,1,Feature Importance - Random Forest
% On Campus 01/29/21,Feature Importance,Random Forest,0.033653661003331094,importances,1,Feature Importance - Random Forest
% White Pop 10,Feature Importance,Random Forest,0.00663522137137631,importances,0,Feature Importance - Random Forest
% Black Pop 10,Feature Importance,Random Forest,0.00716340559594323,importances,0,Feature Importance - Random Forest
% Asian Pop 10,Feature Importance,Random Forest,0.00689965460814136,importances,0,Feature Importance - Random Forest
% Hispanic Pop 10,Feature Importance,Random Forest,0.008072721952410454,importances,1,Feature Importance - Random Forest
% Male Pop 10,Feature Importance,Random Forest,0.00543956871689144,importances,0,Feature Importance - Random Forest
% Female Pop 10,Feature Importance,Random Forest,0.00517023904003899,importances,0,Feature Importance - Random Forest
% Age 0-4 Pop 10,Feature Importance,Random Forest,0.005817334548271488,importances,0,Feature Importance - Random Forest
% Age 5-9 Pop 10,Feature Importance,Random Forest,0.006567686282205129,importances,0,Feature Importance - Random Forest
% Age 10-14 Pop 10,Feature Importance,Random Forest,0.005266239200689633,importances,0,Feature Importance - Random Forest
% Age 15-19 Pop 10,Feature Importance,Random Forest,0.005875921483413077,importances,0,Feature Importance - Random Forest
% Age 20-24 Pop 10,Feature Importance,Random Forest,0.006981866670494049,importances,0,Feature Importance - Random Forest
% Age 25-34 Pop 10,Feature Importance,Random Forest,0.004964753613227239,importances,0,Feature Importance - Random Forest
% Age 35-44 Pop 10,Feature Importance,Random Forest,0.00665578236074813,importances,0,Feature Importance - Random Forest
% Age 45-54 Pop 10,Feature Importance,Random Forest,0.005720556134403865,importances,0,Feature Importance - Random Forest
% Age 55-64 Pop 10,Feature Importance,Random Forest,0.007625361378718055,importances,0,Feature Importance - Random Forest
% Age 65-74 Pop 10,Feature Importance,Random Forest,0.0055504988271470245,importances,0,Feature Importance - Random Forest
% Age 75-84 Pop 10,Feature Importance,Random Forest,0.005825058101965829,importances,0,Feature Importance - Random Forest
% Age 85-Up Pop 10,Feature Importance,Random Forest,0.005144535751294684,importances,0,Feature Importance - Random Forest
% HH 1 Male 10,Feature Importance,Random Forest,0.004403953734746712,importances,0,Feature Importance - Random Forest
% HH 1 Female 10,Feature Importance,Random Forest,0.006555104374174369,importances,0,Feature Importance - Random Forest
% HH Married-Child 10,Feature Importance,Random Forest,0.005557234006425879,importances,0,Feature Importance - Random Forest
% HH Married-noChild 10,Feature Importance,Random Forest,0.011330975466359763,importances,1,Feature Importance - Random Forest
% HH Male-Child 10,Feature Importance,Random Forest,0.0046776399453305065,importances,0,Feature Importance - Random Forest
% HH Female-Child 10,Feature Importance,Random Forest,0.005159620257105126,importances,0,Feature Importance - Random Forest
% Housing Vacant 10,Feature Importance,Random Forest,0.006045204053597201,importances,0,Feature Importance - Random Forest
% Housing Owner Occup 10,Feature Importance,Random Forest,0.005184873491234491,importances,0,Feature Importance - Random Forest
% Housing Renter Occup 10,Feature Importance,Random Forest,0.0045608532055363546,importances,0,Feature Importance - Random Forest
Total Schools Diff,Feature Importance,Random Forest,0.001971098751560536,importances,0,Feature Importance - Random Forest
% Operational Schools Diff,Feature Importance,Random Forest,0.004080946174525549,importances,0,Feature Importance - Random Forest
Locale_11-City: Large,Feature Importance,Random Forest,3.223708046507033e-05,importances,0,Feature Importance - Random Forest
Locale_12-City: Mid-size,Feature Importance,Random Forest,0.0006494970681964507,importances,0,Feature Importance - Random Forest
Locale_13-City: Small,Feature Importance,Random Forest,8.906270090424237e-05,importances,0,Feature Importance - Random Forest
Locale_21-Suburb: Large,Feature Importance,Random Forest,0.0001493835152359621,importances,0,Feature Importance - Random Forest
Locale_22-Suburb: Mid-size,Feature Importance,Random Forest,1.8736910485267643e-05,importances,0,Feature Importance - Random Forest
Locale_23-Suburb: Small,Feature Importance,Random Forest,0.0,importances,0,Feature Importance - Random Forest
Locale_31-Town: Fringe,Feature Importance,Random Forest,0.0005363649830516737,importances,0,Feature Importance - Random Forest
Locale_32-Town: Distant,Feature Importance,Random Forest,0.0013338524224938892,importances,0,Feature Importance - Random Forest
Locale_33-Town: Remote,Feature Importance,Random Forest,0.0002606441713698046,importances,0,Feature Importance - Random Forest
Locale_41-Rural: Fringe,Feature Importance,Random Forest,0.0007565303257730254,importances,0,Feature Importance - Random Forest
Locale_42-Rural: Distant,Feature Importance,Random Forest,0.0011672278794567974,importances,0,Feature Importance - Random Forest
Locale_43-Rural: Remote,Feature Importance,Random Forest,0.0004352977781302022,importances,0,Feature Importance - Random Forest
Total Students 2018-2019,Permutation Importance,Random Forest,0.0020408163265306367,importances_mean,1,Permutation Importance - Random Forest
Total Students 2020-2021,Permutation Importance,Random Forest,0.005102040816326592,importances_mean,1,Permutation Importance - Random Forest
Labor Force Diff,Permutation Importance,Random Forest,0.005102040816326569,importances_mean,1,Permutation Importance - Random Forest
Employed Diff,Permutation Importance,Random Forest,0.0020408163265306146,importances_mean,1,Permutation Importance - Random Forest
Unemployed Level Diff,Permutation Importance,Random Forest,-0.004081632653061207,importances_mean,0,Permutation Importance - Random Forest
Unemployed Rate Diff,Permutation Importance,Random Forest,-0.0010204081632652962,importances_mean,0,Permutation Importance - Random Forest
Median Age 10,Permutation Importance,Random Forest,-0.003061224489795866,importances_mean,0,Permutation Importance - Random Forest
Median Age Male 10,Permutation Importance,Random Forest,0.0010204081632653184,importances_mean,1,Permutation Importance - Random Forest
Median Age Female 10,Permutation Importance,Random Forest,-0.001020408163265274,importances_mean,0,Permutation Importance - Random Forest
# of Households 10,Permutation Importance,Random Forest,0.006122448979591866,importances_mean,1,Permutation Importance - Random Forest
Avg Household Size 10,Permutation Importance,Random Forest,0.0010204081632653405,importances_mean,1,Permutation Importance - Random Forest
# of Families 10,Permutation Importance,Random Forest,0.010204081632653118,importances_mean,1,Permutation Importance - Random Forest
Avg Family Size 10,Permutation Importance,Random Forest,0.008163265306122502,importances_mean,1,Permutation Importance - Random Forest
# of Housing Units 10,Permutation Importance,Random Forest,2.2204460492503132e-17,importances_mean,1,Permutation Importance - Random Forest
County Population,Permutation Importance,Random Forest,2.2204460492503132e-17,importances_mean,1,Permutation Importance - Random Forest
CARES ESSER I 20,Permutation Importance,Random Forest,0.0020408163265306367,importances_mean,1,Permutation Importance - Random Forest
% School-wide Title I 2020-2021,Permutation Importance,Random Forest,2.2204460492503132e-17,importances_mean,1,Permutation Importance - Random Forest
% School-wide Title I 2018-2019,Permutation Importance,Random Forest,0.0010204081632653184,importances_mean,1,Permutation Importance - Random Forest
% Title I Eligible School 2020-2021,Permutation Importance,Random Forest,0.0,importances_mean,0,Permutation Importance - Random Forest
% Title I Eligible School 2018-2019,Permutation Importance,Random Forest,-0.0030612244897958883,importances_mean,0,Permutation Importance - Random Forest
Teachers:Students 2020-2021,Permutation Importance,Random Forest,0.005102040816326592,importances_mean,1,Permutation Importance - Random Forest
Teachers:Students 2018-2019,Permutation Importance,Random Forest,0.0020408163265306367,importances_mean,1,Permutation Importance - Random Forest
Staff:Students 2020-2021,Permutation Importance,Random Forest,0.006122448979591866,importances_mean,1,Permutation Importance - Random Forest
Staff:Students 2018-2019,Permutation Importance,Random Forest,0.0020408163265306367,importances_mean,1,Permutation Importance - Random Forest
% Free Lunch 2020-2021,Permutation Importance,Random Forest,0.010204081632653095,importances_mean,1,Permutation Importance - Random Forest
% Free Lunch 2018-2019,Permutation Importance,Random Forest,2.2204460492503132e-17,importances_mean,1,Permutation Importance - Random Forest
% Reduced-price Lunch 2020-2021,Permutation Importance,Random Forest,0.003061224489795955,importances_mean,1,Permutation Importance - Random Forest
% Reduced-price Lunch 2018-2019,Permutation Importance,Random Forest,-0.004081632653061185,importances_mean,0,Permutation Importance - Random Forest
% Asian or Asian/Pacific Islander Students 2020-2021,Permutation Importance,Random Forest,0.0020408163265306367,importances_mean,1,Permutation Importance - Random Forest
% Asian or Asian/Pacific Islander Students 2018-2019,Permutation Importance,Random Forest,0.0010204081632653184,importances_mean,1,Permutation Importance - Random Forest
% Hispanic Students 2020-2021,Permutation Importance,Random Forest,0.003061224489795955,importances_mean,1,Permutation Importance - Random Forest
% Hispanic Students 2018-2019,Permutation Importance,Random Forest,-0.0010204081632652962,importances_mean,0,Permutation Importance - Random Forest
% Black or African American Students 2020-2021,Permutation Importance,Random Forest,0.004081632653061273,importances_mean,1,Permutation Importance - Random Forest
% Black or African American Students 2018-2019,Permutation Importance,Random Forest,0.003061224489795955,importances_mean,1,Permutation Importance - Random Forest
% White Students 2020-2021,Permutation Importance,Random Forest,-0.0020408163265305925,importances_mean,0,Permutation Importance - Random Forest
% White Students 2018-2019,Permutation Importance,Random Forest,-0.01020408163265305,importances_mean,0,Permutation Importance - Random Forest
% Grades 1-8 2020-2021,Permutation Importance,Random Forest,0.0020408163265306367,importances_mean,1,Permutation Importance - Random Forest
% Grades 1-8 2018-2019,Permutation Importance,Random Forest,0.006122448979591888,importances_mean,1,Permutation Importance - Random Forest
% Grades 9-12 2020-2021,Permutation Importance,Random Forest,0.008163265306122481,importances_mean,1,Permutation Importance - Random Forest
% Grades 9-12 2018-2019,Permutation Importance,Random Forest,-0.0010204081632652962,importances_mean,0,Permutation Importance - Random Forest
% Prek 2020-2021,Permutation Importance,Random Forest,0.005102040816326569,importances_mean,1,Permutation Importance - Random Forest
% Prek 2018-2019,Permutation Importance,Random Forest,-0.004081632653061185,importances_mean,0,Permutation Importance - Random Forest
% K 2020-2021,Permutation Importance,Random Forest,0.006122448979591866,importances_mean,1,Permutation Importance - Random Forest
% K 2018-2019,Permutation Importance,Random Forest,0.0020408163265306146,importances_mean,1,Permutation Importance - Random Forest
% ADA 2018-2019,Permutation Importance,Random Forest,0.003061224489795955,importances_mean,1,Permutation Importance - Random Forest
% ADA 2020-2021,Permutation Importance,Random Forest,0.014285714285714346,importances_mean,1,Permutation Importance - Random Forest
% Students Tested Math - Grade 3 2018-2019,Permutation Importance,Random Forest,-0.001020408163265274,importances_mean,0,Permutation Importance - Random Forest
% Students Tested Math - Grade 4 2018-2019,Permutation Importance,Random Forest,0.008163265306122502,importances_mean,1,Permutation Importance - Random Forest
% Students Tested Math - Grade 5 2018-2019,Permutation Importance,Random Forest,2.2204460492503132e-17,importances_mean,1,Permutation Importance - Random Forest
% Students Tested Math - Grade 6 2018-2019,Permutation Importance,Random Forest,0.007142857142857206,importances_mean,1,Permutation Importance - Random Forest
% Students Tested Math - Grade 7 2018-2019,Permutation Importance,Random Forest,-0.003061224489795911,importances_mean,0,Permutation Importance - Random Forest
% Students Tested Math - Grade 8 2018-2019,Permutation Importance,Random Forest,0.005102040816326569,importances_mean,1,Permutation Importance - Random Forest
% Students Tested Math - Grade 3 2020-2021,Permutation Importance,Random Forest,0.009183673469387777,importances_mean,1,Permutation Importance - Random Forest
% Students Tested Math - Grade 4 2020-2021,Permutation Importance,Random Forest,0.006122448979591888,importances_mean,1,Permutation Importance - Random Forest
% Students Tested Math - Grade 5 2020-2021,Permutation Importance,Random Forest,0.0010204081632653405,importances_mean,1,Permutation Importance - Random Forest
% Students Tested Math - Grade 6 2020-2021,Permutation Importance,Random Forest,0.009183673469387777,importances_mean,1,Permutation Importance - Random Forest
% Students Tested Math - Grade 7 2020-2021,Permutation Importance,Random Forest,0.0010204081632653405,importances_mean,1,Permutation Importance - Random Forest
% Students Tested Math - Grade 8 2020-2021,Permutation Importance,Random Forest,0.0010204081632653184,importances_mean,1,Permutation Importance - Random Forest
Average Score Math All Grade 3 2018-2019,Permutation Importance,Random Forest,0.007142857142857162,importances_mean,1,Permutation Importance - Random Forest
Average Score Math All Grade 4 2018-2019,Permutation Importance,Random Forest,0.0010204081632653405,importances_mean,1,Permutation Importance - Random Forest
Average Score Math All Grade 5 2018-2019,Permutation Importance,Random Forest,0.0010204081632653405,importances_mean,1,Permutation Importance - Random Forest
Average Score Math All Grade 6 2018-2019,Permutation Importance,Random Forest,0.005102040816326569,importances_mean,1,Permutation Importance - Random Forest
Average Score Math All Grade 7 2018-2019,Permutation Importance,Random Forest,4.4408920985006264e-17,importances_mean,1,Permutation Importance - Random Forest
Average Score Math All Grade 8 2018-2019,Permutation Importance,Random Forest,0.007142857142857184,importances_mean,1,Permutation Importance - Random Forest
% County Infected 09/28/20,Permutation Importance,Random Forest,0.007142857142857184,importances_mean,1,Permutation Importance - Random Forest
% County Deaths 09/28/20,Permutation Importance,Random Forest,0.003061224489795955,importances_mean,1,Permutation Importance - Random Forest
% County Infected 10/30/20,Permutation Importance,Random Forest,0.008163265306122502,importances_mean,1,Permutation Importance - Random Forest
% County Deaths 10/30/20,Permutation Importance,Random Forest,-0.001020408163265274,importances_mean,0,Permutation Importance - Random Forest
% County Infected 01/29/21,Permutation Importance,Random Forest,0.004081632653061251,importances_mean,1,Permutation Importance - Random Forest
% County Deaths 01/29/21,Permutation Importance,Random Forest,0.006122448979591866,importances_mean,1,Permutation Importance - Random Forest
% On Campus 09/28/20,Permutation Importance,Random Forest,0.011224489795918413,importances_mean,1,Permutation Importance - Random Forest
% On Campus 10/30/20,Permutation Importance,Random Forest,0.010204081632653095,importances_mean,1,Permutation Importance - Random Forest
% On Campus 01/29/21,Permutation Importance,Random Forest,-0.0020408163265305925,importances_mean,0,Permutation Importance - Random Forest
% White Pop 10,Permutation Importance,Random Forest,-0.0020408163265305925,importances_mean,0,Permutation Importance - Random Forest
% Black Pop 10,Permutation Importance,Random Forest,0.005102040816326569,importances_mean,1,Permutation Importance - Random Forest
% Asian Pop 10,Permutation Importance,Random Forest,-0.0020408163265305925,importances_mean,0,Permutation Importance - Random Forest
% Hispanic Pop 10,Permutation Importance,Random Forest,0.005102040816326592,importances_mean,1,Permutation Importance - Random Forest
% Male Pop 10,Permutation Importance,Random Forest,0.0020408163265306367,importances_mean,1,Permutation Importance - Random Forest
% Female Pop 10,Permutation Importance,Random Forest,-0.001020408163265274,importances_mean,0,Permutation Importance - Random Forest
% Age 0-4 Pop 10,Permutation Importance,Random Forest,0.0020408163265306367,importances_mean,1,Permutation Importance - Random Forest
% Age 5-9 Pop 10,Permutation Importance,Random Forest,0.006122448979591866,importances_mean,1,Permutation Importance - Random Forest
% Age 10-14 Pop 10,Permutation Importance,Random Forest,-0.00204081632653057,importances_mean,0,Permutation Importance - Random Forest
% Age 15-19 Pop 10,Permutation Importance,Random Forest,0.004081632653061273,importances_mean,1,Permutation Importance - Random Forest
% Age 20-24 Pop 10,Permutation Importance,Random Forest,0.006122448979591888,importances_mean,1,Permutation Importance - Random Forest
% Age 25-34 Pop 10,Permutation Importance,Random Forest,-0.0030612244897958883,importances_mean,0,Permutation Importance - Random Forest
% Age 35-44 Pop 10,Permutation Importance,Random Forest,0.0010204081632653184,importances_mean,1,Permutation Importance - Random Forest
% Age 45-54 Pop 10,Permutation Importance,Random Forest,-0.005102040816326525,importances_mean,0,Permutation Importance - Random Forest
% Age 55-64 Pop 10,Permutation Importance,Random Forest,-0.0071428571428571175,importances_mean,0,Permutation Importance - Random Forest
% Age 65-74 Pop 10,Permutation Importance,Random Forest,0.005102040816326592,importances_mean,1,Permutation Importance - Random Forest
% Age 75-84 Pop 10,Permutation Importance,Random Forest,-0.0020408163265306146,importances_mean,0,Permutation Importance - Random Forest
% Age 85-Up Pop 10,Permutation Importance,Random Forest,-0.001020408163265274,importances_mean,0,Permutation Importance - Random Forest
% HH 1 Male 10,Permutation Importance,Random Forest,2.2204460492503132e-17,importances_mean,1,Permutation Importance - Random Forest
% HH 1 Female 10,Permutation Importance,Random Forest,0.004081632653061251,importances_mean,1,Permutation Importance - Random Forest
% HH Married-Child 10,Permutation Importance,Random Forest,2.2204460492503132e-17,importances_mean,1,Permutation Importance - Random Forest
% HH Married-noChild 10,Permutation Importance,Random Forest,0.003061224489795955,importances_mean,1,Permutation Importance - Random Forest
% HH Male-Child 10,Permutation Importance,Random Forest,0.006122448979591888,importances_mean,1,Permutation Importance - Random Forest
% HH Female-Child 10,Permutation Importance,Random Forest,0.003061224489795933,importances_mean,1,Permutation Importance - Random Forest
% Housing Vacant 10,Permutation Importance,Random Forest,-0.0010204081632652962,importances_mean,0,Permutation Importance - Random Forest
% Housing Owner Occup 10,Permutation Importance,Random Forest,0.005102040816326592,importances_mean,1,Permutation Importance - Random Forest
% Housing Renter Occup 10,Permutation Importance,Random Forest,0.0020408163265306367,importances_mean,1,Permutation Importance - Random Forest
Total Schools Diff,Permutation Importance,Random Forest,-0.0010204081632652962,importances_mean,0,Permutation Importance - Random Forest
% Operational Schools Diff,Permutation Importance,Random Forest,-0.001020408163265274,importances_mean,0,Permutation Importance - Random Forest
Locale_11-City: Large,Permutation Importance,Random Forest,0.0,importances_mean,0,Permutation Importance - Random Forest
Locale_12-City: Mid-size,Permutation Importance,Random Forest,0.0,importances_mean,0,Permutation Importance - Random Forest
Locale_13-City: Small,Permutation Importance,Random Forest,0.0,importances_mean,0,Permutation Importance - Random Forest
Locale_21-Suburb: Large,Permutation Importance,Random Forest,0.0,importances_mean,0,Permutation Importance - Random Forest
Locale_22-Suburb: Mid-size,Permutation Importance,Random Forest,0.0,importances_mean,0,Permutation Importance - Random Forest
Locale_23-Suburb: Small,Permutation Importance,Random Forest,0.0,importances_mean,0,Permutation Importance - Random Forest
Locale_31-Town: Fringe,Permutation Importance,Random Forest,0.0,importances_mean,0,Permutation Importance - Random Forest
Locale_32-Town: Distant,Permutation Importance,Random Forest,0.0,importances_mean,0,Permutation Importance - Random Forest
Locale_33-Town: Remote,Permutation Importance,Random Forest,-0.0010204081632652962,importances_mean,0,Permutation Importance - Random Forest
Locale_41-Rural: Fringe,Permutation Importance,Random Forest,0.0,importances_mean,0,Permutation Importance - Random Forest
Locale_42-Rural: Distant,Permutation Importance,Random Forest,0.0010204081632653184,importances_mean,1,Permutation Importance - Random Forest
Locale_43-Rural: Remote,Permutation Importance,Random Forest,0.0,importances_mean,0,Permutation Importance - Random Forest
Total Students 2018-2019,Permutation Importance,Ridge,0.010204081632653095,importances_mean,1,Permutation Importance - Ridge
Total Students 2020-2021,Permutation Importance,Ridge,0.010204081632653095,importances_mean,1,Permutation Importance - Ridge
Labor Force Diff,Permutation Importance,Ridge,0.043877551020408204,importances_mean,1,Permutation Importance - Ridge
Employed Diff,Permutation Importance,Ridge,0.004081632653061251,importances_mean,1,Permutation Importance - Ridge
Unemployed Level Diff,Permutation Importance,Ridge,0.04183673469387759,importances_mean,1,Permutation Importance - Ridge
Unemployed Rate Diff,Permutation Importance,Ridge,-0.003061224489795911,importances_mean,0,Permutation Importance - Ridge
Median Age 10,Permutation Importance,Ridge,0.005102040816326569,importances_mean,1,Permutation Importance - Ridge
Median Age Male 10,Permutation Importance,Ridge,0.006122448979591888,importances_mean,1,Permutation Importance - Ridge
Median Age Female 10,Permutation Importance,Ridge,0.004081632653061251,importances_mean,1,Permutation Importance - Ridge
# of Households 10,Permutation Importance,Ridge,0.007142857142857184,importances_mean,1,Permutation Importance - Ridge
Avg Household Size 10,Permutation Importance,Ridge,0.0020408163265306367,importances_mean,1,Permutation Importance - Ridge
# of Families 10,Permutation Importance,Ridge,0.01224489795918371,importances_mean,1,Permutation Importance - Ridge
Avg Family Size 10,Permutation Importance,Ridge,2.2204460492503132e-17,importances_mean,1,Permutation Importance - Ridge
# of Housing Units 10,Permutation Importance,Ridge,0.007142857142857184,importances_mean,1,Permutation Importance - Ridge
County Population,Permutation Importance,Ridge,0.007142857142857162,importances_mean,1,Permutation Importance - Ridge
CARES ESSER I 20,Permutation Importance,Ridge,0.007142857142857184,importances_mean,1,Permutation Importance - Ridge
% School-wide Title I 2020-2021,Permutation Importance,Ridge,2.2204460492503132e-17,importances_mean,1,Permutation Importance - Ridge
% School-wide Title I 2018-2019,Permutation Importance,Ridge,2.2204460492503132e-17,importances_mean,1,Permutation Importance - Ridge
% Title I Eligible School 2020-2021,Permutation Importance,Ridge,0.012244897959183732,importances_mean,1,Permutation Importance - Ridge
% Title I Eligible School 2018-2019,Permutation Importance,Ridge,0.015306122448979642,importances_mean,1,Permutation Importance - Ridge
Teachers:Students 2020-2021,Permutation Importance,Ridge,0.03061224489795924,importances_mean,1,Permutation Importance - Ridge
Teachers:Students 2018-2019,Permutation Importance,Ridge,0.016326530612244962,importances_mean,1,Permutation Importance - Ridge
Staff:Students 2020-2021,Permutation Importance,Ridge,0.010204081632653095,importances_mean,1,Permutation Importance - Ridge
Staff:Students 2018-2019,Permutation Importance,Ridge,0.01224489795918371,importances_mean,1,Permutation Importance - Ridge
% Free Lunch 2020-2021,Permutation Importance,Ridge,0.010204081632653118,importances_mean,1,Permutation Importance - Ridge
% Free Lunch 2018-2019,Permutation Importance,Ridge,0.006122448979591866,importances_mean,1,Permutation Importance - Ridge
% Reduced-price Lunch 2020-2021,Permutation Importance,Ridge,0.0020408163265306367,importances_mean,1,Permutation Importance - Ridge
% Reduced-price Lunch 2018-2019,Permutation Importance,Ridge,0.020408163265306166,importances_mean,1,Permutation Importance - Ridge
% Asian or Asian/Pacific Islander Students 2020-2021,Permutation Importance,Ridge,0.003061224489795955,importances_mean,1,Permutation Importance - Ridge
% Asian or Asian/Pacific Islander Students 2018-2019,Permutation Importance,Ridge,0.0091836734693878,importances_mean,1,Permutation Importance - Ridge
% Hispanic Students 2020-2021,Permutation Importance,Ridge,0.008163265306122481,importances_mean,1,Permutation Importance - Ridge
% Hispanic Students 2018-2019,Permutation Importance,Ridge,0.037755102040816356,importances_mean,1,Permutation Importance - Ridge
% Black or African American Students 2020-2021,Permutation Importance,Ridge,0.004081632653061251,importances_mean,1,Permutation Importance - Ridge
% Black or African American Students 2018-2019,Permutation Importance,Ridge,0.010204081632653095,importances_mean,1,Permutation Importance - Ridge
% White Students 2020-2021,Permutation Importance,Ridge,0.016326530612244938,importances_mean,1,Permutation Importance - Ridge
% White Students 2018-2019,Permutation Importance,Ridge,0.014285714285714346,importances_mean,1,Permutation Importance - Ridge
% Grades 1-8 2020-2021,Permutation Importance,Ridge,-0.0030612244897958883,importances_mean,0,Permutation Importance - Ridge
% Grades 1-8 2018-2019,Permutation Importance,Ridge,0.014285714285714346,importances_mean,1,Permutation Importance - Ridge
% Grades 9-12 2020-2021,Permutation Importance,Ridge,0.004081632653061273,importances_mean,1,Permutation Importance - Ridge
% Grades 9-12 2018-2019,Permutation Importance,Ridge,0.008163265306122481,importances_mean,1,Permutation Importance - Ridge
% Prek 2020-2021,Permutation Importance,Ridge,0.009183673469387777,importances_mean,1,Permutation Importance - Ridge
% Prek 2018-2019,Permutation Importance,Ridge,0.0091836734693878,importances_mean,1,Permutation Importance - Ridge
% K 2020-2021,Permutation Importance,Ridge,0.009183673469387777,importances_mean,1,Permutation Importance - Ridge
% K 2018-2019,Permutation Importance,Ridge,-0.00204081632653057,importances_mean,0,Permutation Importance - Ridge
% ADA 2018-2019,Permutation Importance,Ridge,0.003061224489795955,importances_mean,1,Permutation Importance - Ridge
% ADA 2020-2021,Permutation Importance,Ridge,0.011224489795918391,importances_mean,1,Permutation Importance - Ridge
% Students Tested Math - Grade 3 2018-2019,Permutation Importance,Ridge,0.005102040816326569,importances_mean,1,Permutation Importance - Ridge
% Students Tested Math - Grade 4 2018-2019,Permutation Importance,Ridge,0.003061224489795955,importances_mean,1,Permutation Importance - Ridge
% Students Tested Math - Grade 5 2018-2019,Permutation Importance,Ridge,0.015306122448979642,importances_mean,1,Permutation Importance - Ridge
% Students Tested Math - Grade 6 2018-2019,Permutation Importance,Ridge,0.019387755102040872,importances_mean,1,Permutation Importance - Ridge
% Students Tested Math - Grade 7 2018-2019,Permutation Importance,Ridge,0.01224489795918371,importances_mean,1,Permutation Importance - Ridge
% Students Tested Math - Grade 8 2018-2019,Permutation Importance,Ridge,0.017346938775510235,importances_mean,1,Permutation Importance - Ridge
% Students Tested Math - Grade 3 2020-2021,Permutation Importance,Ridge,0.021428571428571463,importances_mean,1,Permutation Importance - Ridge
% Students Tested Math - Grade 4 2020-2021,Permutation Importance,Ridge,0.014285714285714323,importances_mean,1,Permutation Importance - Ridge
% Students Tested Math - Grade 5 2020-2021,Permutation Importance,Ridge,0.015306122448979642,importances_mean,1,Permutation Importance - Ridge
% Students Tested Math - Grade 6 2020-2021,Permutation Importance,Ridge,0.03061224489795924,importances_mean,1,Permutation Importance - Ridge
% Students Tested Math - Grade 7 2020-2021,Permutation Importance,Ridge,0.02755102040816333,importances_mean,1,Permutation Importance - Ridge
% Students Tested Math - Grade 8 2020-2021,Permutation Importance,Ridge,0.028571428571428626,importances_mean,1,Permutation Importance - Ridge
Average Score Math All Grade 3 2018-2019,Permutation Importance,Ridge,0.003061224489795955,importances_mean,1,Permutation Importance - Ridge
Average Score Math All Grade 4 2018-2019,Permutation Importance,Ridge,4.4408920985006264e-17,importances_mean,1,Permutation Importance - Ridge
Average Score Math All Grade 5 2018-2019,Permutation Importance,Ridge,0.003061224489795955,importances_mean,1,Permutation Importance - Ridge
Average Score Math All Grade 6 2018-2019,Permutation Importance,Ridge,0.018367346938775553,importances_mean,1,Permutation Importance - Ridge
Average Score Math All Grade 7 2018-2019,Permutation Importance,Ridge,0.014285714285714323,importances_mean,1,Permutation Importance - Ridge
Average Score Math All Grade 8 2018-2019,Permutation Importance,Ridge,0.05306122448979596,importances_mean,1,Permutation Importance - Ridge
% County Infected 09/28/20,Permutation Importance,Ridge,0.0010204081632653405,importances_mean,1,Permutation Importance - Ridge
% County Deaths 09/28/20,Permutation Importance,Ridge,0.006122448979591866,importances_mean,1,Permutation Importance - Ridge
% County Infected 10/30/20,Permutation Importance,Ridge,0.07040816326530615,importances_mean,1,Permutation Importance - Ridge
% County Deaths 10/30/20,Permutation Importance,Ridge,0.008163265306122481,importances_mean,1,Permutation Importance - Ridge
% County Infected 01/29/21,Permutation Importance,Ridge,0.0020408163265306146,importances_mean,1,Permutation Importance - Ridge
% County Deaths 01/29/21,Permutation Importance,Ridge,0.006122448979591866,importances_mean,1,Permutation Importance - Ridge
% On Campus 09/28/20,Permutation Importance,Ridge,0.044897959183673494,importances_mean,1,Permutation Importance - Ridge
% On Campus 10/30/20,Permutation Importance,Ridge,0.031632653061224515,importances_mean,1,Permutation Importance - Ridge
% On Campus 01/29/21,Permutation Importance,Ridge,0.017346938775510256,importances_mean,1,Permutation Importance - Ridge
% White Pop 10,Permutation Importance,Ridge,0.017346938775510235,importances_mean,1,Permutation Importance - Ridge
% Black Pop 10,Permutation Importance,Ridge,0.015306122448979642,importances_mean,1,Permutation Importance - Ridge
% Asian Pop 10,Permutation Importance,Ridge,0.011224489795918391,importances_mean,1,Permutation Importance - Ridge
% Hispanic Pop 10,Permutation Importance,Ridge,0.007142857142857162,importances_mean,1,Permutation Importance - Ridge
% Male Pop 10,Permutation Importance,Ridge,0.018367346938775553,importances_mean,1,Permutation Importance - Ridge
% Female Pop 10,Permutation Importance,Ridge,0.018367346938775553,importances_mean,1,Permutation Importance - Ridge
% Age 0-4 Pop 10,Permutation Importance,Ridge,0.016326530612244917,importances_mean,1,Permutation Importance - Ridge
% Age 5-9 Pop 10,Permutation Importance,Ridge,0.01326530612244905,importances_mean,1,Permutation Importance - Ridge
% Age 10-14 Pop 10,Permutation Importance,Ridge,0.025510204081632716,importances_mean,1,Permutation Importance - Ridge
% Age 15-19 Pop 10,Permutation Importance,Ridge,0.019387755102040872,importances_mean,1,Permutation Importance - Ridge
% Age 20-24 Pop 10,Permutation Importance,Ridge,0.018367346938775574,importances_mean,1,Permutation Importance - Ridge
% Age 25-34 Pop 10,Permutation Importance,Ridge,0.0234693877551021,importances_mean,1,Permutation Importance - Ridge
% Age 35-44 Pop 10,Permutation Importance,Ridge,0.010204081632653095,importances_mean,1,Permutation Importance - Ridge
% Age 45-54 Pop 10,Permutation Importance,Ridge,0.018367346938775553,importances_mean,1,Permutation Importance - Ridge
% Age 55-64 Pop 10,Permutation Importance,Ridge,0.016326530612244917,importances_mean,1,Permutation Importance - Ridge
% Age 65-74 Pop 10,Permutation Importance,Ridge,0.016326530612244962,importances_mean,1,Permutation Importance - Ridge
% Age 75-84 Pop 10,Permutation Importance,Ridge,0.0234693877551021,importances_mean,1,Permutation Importance - Ridge
% Age 85-Up Pop 10,Permutation Importance,Ridge,0.025510204081632692,importances_mean,1,Permutation Importance - Ridge
% HH 1 Male 10,Permutation Importance,Ridge,0.02448979591836742,importances_mean,1,Permutation Importance - Ridge
% HH 1 Female 10,Permutation Importance,Ridge,0.015306122448979642,importances_mean,1,Permutation Importance - Ridge
% HH Married-Child 10,Permutation Importance,Ridge,0.01224489795918371,importances_mean,1,Permutation Importance - Ridge
% HH Married-noChild 10,Permutation Importance,Ridge,0.005102040816326569,importances_mean,1,Permutation Importance - Ridge
% HH Male-Child 10,Permutation Importance,Ridge,0.0234693877551021,importances_mean,1,Permutation Importance - Ridge
% HH Female-Child 10,Permutation Importance,Ridge,0.022448979591836803,importances_mean,1,Permutation Importance - Ridge
% Housing Vacant 10,Permutation Importance,Ridge,0.006122448979591866,importances_mean,1,Permutation Importance - Ridge
% Housing Owner Occup 10,Permutation Importance,Ridge,0.014285714285714323,importances_mean,1,Permutation Importance - Ridge
% Housing Renter Occup 10,Permutation Importance,Ridge,0.025510204081632716,importances_mean,1,Permutation Importance - Ridge
Total Schools Diff,Permutation Importance,Ridge,0.0020408163265306367,importances_mean,1,Permutation Importance - Ridge
% Operational Schools Diff,Permutation Importance,Ridge,0.017346938775510256,importances_mean,1,Permutation Importance - Ridge
Locale_11-City: Large,Permutation Importance,Ridge,0.0,importances_mean,0,Permutation Importance - Ridge
Locale_12-City: Mid-size,Permutation Importance,Ridge,0.0010204081632653184,importances_mean,1,Permutation Importance - Ridge
Locale_13-City: Small,Permutation Importance,Ridge,0.0,importances_mean,0,Permutation Importance - Ridge
Locale_21-Suburb: Large,Permutation Importance,Ridge,0.004081632653061251,importances_mean,1,Permutation Importance - Ridge
Locale_22-Suburb: Mid-size,Permutation Importance,Ridge,0.006122448979591888,importances_mean,1,Permutation Importance - Ridge
Locale_23-Suburb: Small,Permutation Importance,Ridge,0.0,importances_mean,0,Permutation Importance - Ridge
Locale_31-Town: Fringe,Permutation Importance,Ridge,0.0,importances_mean,0,Permutation Importance - Ridge
Locale_32-Town: Distant,Permutation Importance,Ridge,0.004081632653061273,importances_mean,1,Permutation Importance - Ridge
Locale_33-Town: Remote,Permutation Importance,Ridge,0.004081632653061273,importances_mean,1,Permutation Importance - Ridge
Locale_41-Rural: Fringe,Permutation Importance,Ridge,0.005102040816326569,importances_mean,1,Permutation Importance - Ridge
Locale_42-Rural: Distant,Permutation Importance,Ridge,0.006122448979591866,importances_mean,1,Permutation Importance - Ridge
Locale_43-Rural: Remote,Permutation Importance,Ridge,0.004081632653061229,importances_mean,1,Permutation Importance - Ridge
Total Students 2018-2019,RFE,Ridge,1.0,ranking,1,RFE - Ridge
Total Students 2020-2021,RFE,Ridge,1.0,ranking,1,RFE - Ridge
Labor Force Diff,RFE,Ridge,14.0,ranking,0,RFE - Ridge
Employed Diff,RFE,Ridge,18.0,ranking,0,RFE - Ridge
Unemployed Level Diff,RFE,Ridge,1.0,ranking,1,RFE - Ridge
Unemployed Rate Diff,RFE,Ridge,13.0,ranking,0,RFE - Ridge
Median Age 10,RFE,Ridge,1.0,ranking,1,RFE - Ridge
Median Age Male 10,RFE,Ridge,1.0,ranking,1,RFE - Ridge
Median Age Female 10,RFE,Ridge,2.0,ranking,0,RFE - Ridge
# of Households 10,RFE,Ridge,45.0,ranking,0,RFE - Ridge
Avg Household Size 10,RFE,Ridge,1.0,ranking,1,RFE - Ridge
# of Families 10,RFE,Ridge,1.0,ranking,1,RFE - Ridge
Avg Family Size 10,RFE,Ridge,1.0,ranking,1,RFE - Ridge
# of Housing Units 10,RFE,Ridge,31.0,ranking,0,RFE - Ridge
County Population,RFE,Ridge,1.0,ranking,1,RFE - Ridge
CARES ESSER I 20,RFE,Ridge,1.0,ranking,1,RFE - Ridge
% School-wide Title I 2020-2021,RFE,Ridge,1.0,ranking,1,RFE - Ridge
% School-wide Title I 2018-2019,RFE,Ridge,1.0,ranking,1,RFE - Ridge
% Title I Eligible School 2020-2021,RFE,Ridge,1.0,ranking,1,RFE - Ridge
% Title I Eligible School 2018-2019,RFE,Ridge,1.0,ranking,1,RFE - Ridge
Teachers:Students 2020-2021,RFE,Ridge,42.0,ranking,0,RFE - Ridge
Teachers:Students 2018-2019,RFE,Ridge,1.0,ranking,1,RFE - Ridge
Staff:Students 2020-2021,RFE,Ridge,48.0,ranking,0,RFE - Ridge
Staff:Students 2018-2019,RFE,Ridge,1.0,ranking,1,RFE - Ridge
% Free Lunch 2020-2021,RFE,Ridge,1.0,ranking,1,RFE - Ridge
% Free Lunch 2018-2019,RFE,Ridge,41.0,ranking,0,RFE - Ridge
% Reduced-price Lunch 2020-2021,RFE,Ridge,3.0,ranking,0,RFE - Ridge
% Reduced-price Lunch 2018-2019,RFE,Ridge,4.0,ranking,0,RFE - Ridge
% Asian or Asian/Pacific Islander Students 2020-2021,RFE,Ridge,1.0,ranking,1,RFE - Ridge
% Asian or Asian/Pacific Islander Students 2018-2019,RFE,Ridge,1.0,ranking,1,RFE - Ridge
% Hispanic Students 2020-2021,RFE,Ridge,30.0,ranking,0,RFE - Ridge
% Hispanic Students 2018-2019,RFE,Ridge,1.0,ranking,1,RFE - Ridge
% Black or African American Students 2020-2021,RFE,Ridge,1.0,ranking,1,RFE - Ridge
% Black or African American Students 2018-2019,RFE,Ridge,1.0,ranking,1,RFE - Ridge
% White Students 2020-2021,RFE,Ridge,1.0,ranking,1,RFE - Ridge
% White Students 2018-2019,RFE,Ridge,10.0,ranking,0,RFE - Ridge
% Grades 1-8 2020-2021,RFE,Ridge,55.0,ranking,0,RFE - Ridge
% Grades 1-8 2018-2019,RFE,Ridge,37.0,ranking,0,RFE - Ridge
% Grades 9-12 2020-2021,RFE,Ridge,1.0,ranking,1,RFE - Ridge
% Grades 9-12 2018-2019,RFE,Ridge,36.0,ranking,0,RFE - Ridge
% Prek 2020-2021,RFE,Ridge,32.0,ranking,0,RFE - Ridge
% Prek 2018-2019,RFE,Ridge,1.0,ranking,1,RFE - Ridge
% K 2020-2021,RFE,Ridge,39.0,ranking,0,RFE - Ridge
% K 2018-2019,RFE,Ridge,1.0,ranking,1,RFE - Ridge
% ADA 2018-2019,RFE,Ridge,22.0,ranking,0,RFE - Ridge
% ADA 2020-2021,RFE,Ridge,54.0,ranking,0,RFE - Ridge
% Students Tested Math - Grade 3 2018-2019,RFE,Ridge,15.0,ranking,0,RFE - Ridge
% Students Tested Math - Grade 4 2018-2019,RFE,Ridge,56.0,ranking,0,RFE - Ridge
% Students Tested Math - Grade 5 2018-2019,RFE,Ridge,1.0,ranking,1,RFE - Ridge
% Students Tested Math - Grade 6 2018-2019,RFE,Ridge,1.0,ranking,1,RFE - Ridge
% Students Tested Math - Grade 7 2018-2019,RFE,Ridge,1.0,ranking,1,RFE - Ridge
% Students Tested Math - Grade 8 2018-2019,RFE,Ridge,23.0,ranking,0,RFE - Ridge
% Students Tested Math - Grade 3 2020-2021,RFE,Ridge,1.0,ranking,1,RFE - Ridge
% Students Tested Math - Grade 4 2020-2021,RFE,Ridge,47.0,ranking,0,RFE - Ridge
% Students Tested Math - Grade 5 2020-2021,RFE,Ridge,1.0,ranking,1,RFE - Ridge
% Students Tested Math - Grade 6 2020-2021,RFE,Ridge,1.0,ranking,1,RFE - Ridge
% Students Tested Math - Grade 7 2020-2021,RFE,Ridge,1.0,ranking,1,RFE - Ridge
% Students Tested Math - Grade 8 2020-2021,RFE,Ridge,1.0,ranking,1,RFE - Ridge
Average Score Math All Grade 3 2018-2019,RFE,Ridge,1.0,ranking,1,RFE - Ridge
Average Score Math All Grade 4 2018-2019,RFE,Ridge,1.0,ranking,1,RFE - Ridge
Average Score Math All Grade 5 2018-2019,RFE,Ridge,26.0,ranking,0,RFE - Ridge
Average Score Math All Grade 6 2018-2019,RFE,Ridge,1.0,ranking,1,RFE - Ridge
Average Score Math All Grade 7 2018-2019,RFE,Ridge,1.0,ranking,1,RFE - Ridge
Average Score Math All Grade 8 2018-2019,RFE,Ridge,1.0,ranking,1,RFE - Ridge
% County Infected 09/28/20,RFE,Ridge,1.0,ranking,1,RFE - Ridge
% County Deaths 09/28/20,RFE,Ridge,35.0,ranking,0,RFE - Ridge
% County Infected 10/30/20,RFE,Ridge,1.0,ranking,1,RFE - Ridge
% County Deaths 10/30/20,RFE,Ridge,34.0,ranking,0,RFE - Ridge
% County Infected 01/29/21,RFE,Ridge,51.0,ranking,0,RFE - Ridge
% County Deaths 01/29/21,RFE,Ridge,1.0,ranking,1,RFE - Ridge
% On Campus 09/28/20,RFE,Ridge,1.0,ranking,1,RFE - Ridge
% On Campus 10/30/20,RFE,Ridge,1.0,ranking,1,RFE - Ridge
% On Campus 01/29/21,RFE,Ridge,1.0,ranking,1,RFE - Ridge
% White Pop 10,RFE,Ridge,33.0,ranking,0,RFE - Ridge
% Black Pop 10,RFE,Ridge,7.0,ranking,0,RFE - Ridge
% Asian Pop 10,RFE,Ridge,28.0,ranking,0,RFE - Ridge
% Hispanic Pop 10,RFE,Ridge,6.0,ranking,0,RFE - Ridge
% Male Pop 10,RFE,Ridge,21.0,ranking,0,RFE - Ridge
% Female Pop 10,RFE,Ridge,1.0,ranking,1,RFE - Ridge
% Age 0-4 Pop 10,RFE,Ridge,25.0,ranking,0,RFE - Ridge
% Age 5-9 Pop 10,RFE,Ridge,1.0,ranking,1,RFE - Ridge
% Age 10-14 Pop 10,RFE,Ridge,53.0,ranking,0,RFE - Ridge
% Age 15-19 Pop 10,RFE,Ridge,46.0,ranking,0,RFE - Ridge
% Age 20-24 Pop 10,RFE,Ridge,8.0,ranking,0,RFE - Ridge
% Age 25-34 Pop 10,RFE,Ridge,1.0,ranking,1,RFE - Ridge
% Age 35-44 Pop 10,RFE,Ridge,12.0,ranking,0,RFE - Ridge
% Age 45-54 Pop 10,RFE,Ridge,24.0,ranking,0,RFE - Ridge
% Age 55-64 Pop 10,RFE,Ridge,44.0,ranking,0,RFE - Ridge
% Age 65-74 Pop 10,RFE,Ridge,1.0,ranking,1,RFE - Ridge
% Age 75-84 Pop 10,RFE,Ridge,11.0,ranking,0,RFE - Ridge
% Age 85-Up Pop 10,RFE,Ridge,16.0,ranking,0,RFE - Ridge
% HH 1 Male 10,RFE,Ridge,1.0,ranking,1,RFE - Ridge
% HH 1 Female 10,RFE,Ridge,1.0,ranking,1,RFE - Ridge
% HH Married-Child 10,RFE,Ridge,50.0,ranking,0,RFE - Ridge
% HH Married-noChild 10,RFE,Ridge,5.0,ranking,0,RFE - Ridge
% HH Male-Child 10,RFE,Ridge,49.0,ranking,0,RFE - Ridge
% HH Female-Child 10,RFE,Ridge,1.0,ranking,1,RFE - Ridge
% Housing Vacant 10,RFE,Ridge,38.0,ranking,0,RFE - Ridge
% Housing Owner Occup 10,RFE,Ridge,1.0,ranking,1,RFE - Ridge
% Housing Renter Occup 10,RFE,Ridge,1.0,ranking,1,RFE - Ridge
Total Schools Diff,RFE,Ridge,40.0,ranking,0,RFE - Ridge
% Operational Schools Diff,RFE,Ridge,29.0,ranking,0,RFE - Ridge
Locale_11-City: Large,RFE,Ridge,27.0,ranking,0,RFE - Ridge
Locale_12-City: Mid-size,RFE,Ridge,57.0,ranking,0,RFE - Ridge
Locale_13-City: Small,RFE,Ridge,17.0,ranking,0,RFE - Ridge
Locale_21-Suburb: Large,RFE,Ridge,1.0,ranking,1,RFE - Ridge
Locale_22-Suburb: Mid-size,RFE,Ridge,9.0,ranking,0,RFE - Ridge
Locale_23-Suburb: Small,RFE,Ridge,19.0,ranking,0,RFE - Ridge
Locale_31-Town: Fringe,RFE,Ridge,52.0,ranking,0,RFE - Ridge
Locale_32-Town: Distant,RFE,Ridge,43.0,ranking,0,RFE - Ridge
Locale_33-Town: Remote,RFE,Ridge,58.0,ranking,0,RFE - Ridge
Locale_41-Rural: Fringe,RFE,Ridge,20.0,ranking,0,RFE - Ridge
Locale_42-Rural: Distant,RFE,Ridge,1.0,ranking,1,RFE - Ridge
Locale_43-Rural: Remote,RFE,Ridge,59.0,ranking,0,RFE - Ridge
Total Students 2018-2019,RFE,Random Forest,1.0,ranking,1,RFE - Random Forest
Total Students 2020-2021,RFE,Random Forest,1.0,ranking,1,RFE - Random Forest
Labor Force Diff,RFE,Random Forest,1.0,ranking,1,RFE - Random Forest
Employed Diff,RFE,Random Forest,1.0,ranking,1,RFE - Random Forest
Unemployed Level Diff,RFE,Random Forest,1.0,ranking,1,RFE - Random Forest
Unemployed Rate Diff,RFE,Random Forest,27.0,ranking,0,RFE - Random Forest
Median Age 10,RFE,Random Forest,4.0,ranking,0,RFE - Random Forest
Median Age Male 10,RFE,Random Forest,18.0,ranking,0,RFE - Random Forest
Median Age Female 10,RFE,Random Forest,28.0,ranking,0,RFE - Random Forest
# of Households 10,RFE,Random Forest,1.0,ranking,1,RFE - Random Forest
Avg Household Size 10,RFE,Random Forest,1.0,ranking,1,RFE - Random Forest
# of Families 10,RFE,Random Forest,1.0,ranking,1,RFE - Random Forest
Avg Family Size 10,RFE,Random Forest,1.0,ranking,1,RFE - Random Forest
# of Housing Units 10,RFE,Random Forest,14.0,ranking,0,RFE - Random Forest
County Population,RFE,Random Forest,1.0,ranking,1,RFE - Random Forest
CARES ESSER I 20,RFE,Random Forest,1.0,ranking,1,RFE - Random Forest
% School-wide Title I 2020-2021,RFE,Random Forest,42.0,ranking,0,RFE - Random Forest
% School-wide Title I 2018-2019,RFE,Random Forest,44.0,ranking,0,RFE - Random Forest
% Title I Eligible School 2020-2021,RFE,Random Forest,41.0,ranking,0,RFE - Random Forest
% Title I Eligible School 2018-2019,RFE,Random Forest,45.0,ranking,0,RFE - Random Forest
Teachers:Students 2020-2021,RFE,Random Forest,1.0,ranking,1,RFE - Random Forest
Teachers:Students 2018-2019,RFE,Random Forest,1.0,ranking,1,RFE - Random Forest
Staff:Students 2020-2021,RFE,Random Forest,1.0,ranking,1,RFE - Random Forest
Staff:Students 2018-2019,RFE,Random Forest,1.0,ranking,1,RFE - Random Forest
% Free Lunch 2020-2021,RFE,Random Forest,1.0,ranking,1,RFE - Random Forest
% Free Lunch 2018-2019,RFE,Random Forest,1.0,ranking,1,RFE - Random Forest
% Reduced-price Lunch 2020-2021,RFE,Random Forest,5.0,ranking,0,RFE - Random Forest
% Reduced-price Lunch 2018-2019,RFE,Random Forest,2.0,ranking,0,RFE - Random Forest
% Asian or Asian/Pacific Islander Students 2020-2021,RFE,Random Forest,1.0,ranking,1,RFE - Random Forest
% Asian or Asian/Pacific Islander Students 2018-2019,RFE,Random Forest,26.0,ranking,0,RFE - Random Forest
% Hispanic Students 2020-2021,RFE,Random Forest,1.0,ranking,1,RFE - Random Forest
% Hispanic Students 2018-2019,RFE,Random Forest,1.0,ranking,1,RFE - Random Forest
% Black or African American Students 2020-2021,RFE,Random Forest,1.0,ranking,1,RFE - Random Forest
% Black or African American Students 2018-2019,RFE,Random Forest,1.0,ranking,1,RFE - Random Forest
% White Students 2020-2021,RFE,Random Forest,1.0,ranking,1,RFE - Random Forest
% White Students 2018-2019,RFE,Random Forest,1.0,ranking,1,RFE - Random Forest
% Grades 1-8 2020-2021,RFE,Random Forest,1.0,ranking,1,RFE - Random Forest
% Grades 1-8 2018-2019,RFE,Random Forest,1.0,ranking,1,RFE - Random Forest
% Grades 9-12 2020-2021,RFE,Random Forest,1.0,ranking,1,RFE - Random Forest
% Grades 9-12 2018-2019,RFE,Random Forest,1.0,ranking,1,RFE - Random Forest
% Prek 2020-2021,RFE,Random Forest,1.0,ranking,1,RFE - Random Forest
% Prek 2018-2019,RFE,Random Forest,1.0,ranking,1,RFE - Random Forest
% K 2020-2021,RFE,Random Forest,1.0,ranking,1,RFE - Random Forest
% K 2018-2019,RFE,Random Forest,1.0,ranking,1,RFE - Random Forest
% ADA 2018-2019,RFE,Random Forest,1.0,ranking,1,RFE - Random Forest
% ADA 2020-2021,RFE,Random Forest,1.0,ranking,1,RFE - Random Forest
% Students Tested Math - Grade 3 2018-2019,RFE,Random Forest,1.0,ranking,1,RFE - Random Forest
% Students Tested Math - Grade 4 2018-2019,RFE,Random Forest,1.0,ranking,1,RFE - Random Forest
% Students Tested Math - Grade 5 2018-2019,RFE,Random Forest,1.0,ranking,1,RFE - Random Forest
% Students Tested Math - Grade 6 2018-2019,RFE,Random Forest,1.0,ranking,1,RFE - Random Forest
% Students Tested Math - Grade 7 2018-2019,RFE,Random Forest,6.0,ranking,0,RFE - Random Forest
% Students Tested Math - Grade 8 2018-2019,RFE,Random Forest,1.0,ranking,1,RFE - Random Forest
% Students Tested Math - Grade 3 2020-2021,RFE,Random Forest,1.0,ranking,1,RFE - Random Forest
% Students Tested Math - Grade 4 2020-2021,RFE,Random Forest,1.0,ranking,1,RFE - Random Forest
% Students Tested Math - Grade 5 2020-2021,RFE,Random Forest,1.0,ranking,1,RFE - Random Forest
% Students Tested Math - Grade 6 2020-2021,RFE,Random Forest,1.0,ranking,1,RFE - Random Forest
% Students Tested Math - Grade 7 2020-2021,RFE,Random Forest,1.0,ranking,1,RFE - Random Forest
% Students Tested Math - Grade 8 2020-2021,RFE,Random Forest,1.0,ranking,1,RFE - Random Forest
Average Score Math All Grade 3 2018-2019,RFE,Random Forest,1.0,ranking,1,RFE - Random Forest
Average Score Math All Grade 4 2018-2019,RFE,Random Forest,1.0,ranking,1,RFE - Random Forest
Average Score Math All Grade 5 2018-2019,RFE,Random Forest,1.0,ranking,1,RFE - Random Forest
Average Score Math All Grade 6 2018-2019,RFE,Random Forest,3.0,ranking,0,RFE - Random Forest
Average Score Math All Grade 7 2018-2019,RFE,Random Forest,1.0,ranking,1,RFE - Random Forest
Average Score Math All Grade 8 2018-2019,RFE,Random Forest,1.0,ranking,1,RFE - Random Forest
% County Infected 09/28/20,RFE,Random Forest,29.0,ranking,0,RFE - Random Forest
% County Deaths 09/28/20,RFE,Random Forest,30.0,ranking,0,RFE - Random Forest
% County Infected 10/30/20,RFE,Random Forest,11.0,ranking,0,RFE - Random Forest
% County Deaths 10/30/20,RFE,Random Forest,32.0,ranking,0,RFE - Random Forest
% County Infected 01/29/21,RFE,Random Forest,7.0,ranking,0,RFE - Random Forest
% County Deaths 01/29/21,RFE,Random Forest,1.0,ranking,1,RFE - Random Forest
% On Campus 09/28/20,RFE,Random Forest,1.0,ranking,1,RFE - Random Forest
% On Campus 10/30/20,RFE,Random Forest,1.0,ranking,1,RFE - Random Forest
% On Campus 01/29/21,RFE,Random Forest,1.0,ranking,1,RFE - Random Forest
% White Pop 10,RFE,Random Forest,20.0,ranking,0,RFE - Random Forest
% Black Pop 10,RFE,Random Forest,13.0,ranking,0,RFE - Random Forest
% Asian Pop 10,RFE,Random Forest,1.0,ranking,1,RFE - Random Forest
% Hispanic Pop 10,RFE,Random Forest,33.0,ranking,0,RFE - Random Forest
% Male Pop 10,RFE,Random Forest,23.0,ranking,0,RFE - Random Forest
% Female Pop 10,RFE,Random Forest,40.0,ranking,0,RFE - Random Forest
% Age 0-4 Pop 10,RFE,Random Forest,36.0,ranking,0,RFE - Random Forest
% Age 5-9 Pop 10,RFE,Random Forest,8.0,ranking,0,RFE - Random Forest
% Age 10-14 Pop 10,RFE,Random Forest,34.0,ranking,0,RFE - Random Forest
% Age 15-19 Pop 10,RFE,Random Forest,22.0,ranking,0,RFE - Random Forest
% Age 20-24 Pop 10,RFE,Random Forest,39.0,ranking,0,RFE - Random Forest
% Age 25-34 Pop 10,RFE,Random Forest,35.0,ranking,0,RFE - Random Forest
% Age 35-44 Pop 10,RFE,Random Forest,19.0,ranking,0,RFE - Random Forest
% Age 45-54 Pop 10,RFE,Random Forest,15.0,ranking,0,RFE - Random Forest
% Age 55-64 Pop 10,RFE,Random Forest,9.0,ranking,0,RFE - Random Forest
% Age 65-74 Pop 10,RFE,Random Forest,24.0,ranking,0,RFE - Random Forest
% Age 75-84 Pop 10,RFE,Random Forest,21.0,ranking,0,RFE - Random Forest
% Age 85-Up Pop 10,RFE,Random Forest,10.0,ranking,0,RFE - Random Forest
% HH 1 Male 10,RFE,Random Forest,38.0,ranking,0,RFE - Random Forest
% HH 1 Female 10,RFE,Random Forest,16.0,ranking,0,RFE - Random Forest
% HH Married-Child 10,RFE,Random Forest,12.0,ranking,0,RFE - Random Forest
% HH Married-noChild 10,RFE,Random Forest,1.0,ranking,1,RFE - Random Forest
% HH Male-Child 10,RFE,Random Forest,37.0,ranking,0,RFE - Random Forest
% HH Female-Child 10,RFE,Random Forest,1.0,ranking,1,RFE - Random Forest
% Housing Vacant 10,RFE,Random Forest,25.0,ranking,0,RFE - Random Forest
% Housing Owner Occup 10,RFE,Random Forest,17.0,ranking,0,RFE - Random Forest
% Housing Renter Occup 10,RFE,Random Forest,31.0,ranking,0,RFE - Random Forest
Total Schools Diff,RFE,Random Forest,46.0,ranking,0,RFE - Random Forest
% Operational Schools Diff,RFE,Random Forest,43.0,ranking,0,RFE - Random Forest
Locale_11-City: Large,RFE,Random Forest,56.0,ranking,0,RFE - Random Forest
Locale_12-City: Mid-size,RFE,Random Forest,52.0,ranking,0,RFE - Random Forest
Locale_13-City: Small,RFE,Random Forest,57.0,ranking,0,RFE - Random Forest
Locale_21-Suburb: Large,RFE,Random Forest,53.0,ranking,0,RFE - Random Forest
Locale_22-Suburb: Mid-size,RFE,Random Forest,54.0,ranking,0,RFE - Random Forest
Locale_23-Suburb: Small,RFE,Random Forest,58.0,ranking,0,RFE - Random Forest
Locale_31-Town: Fringe,RFE,Random Forest,50.0,ranking,0,RFE - Random Forest
Locale_32-Town: Distant,RFE,Random Forest,47.0,ranking,0,RFE - Random Forest
Locale_33-Town: Remote,RFE,Random Forest,55.0,ranking,0,RFE - Random Forest
Locale_41-Rural: Fringe,RFE,Random Forest,51.0,ranking,0,RFE - Random Forest
Locale_42-Rural: Distant,RFE,Random Forest,48.0,ranking,0,RFE - Random Forest
Locale_43-Rural: Remote,RFE,Random Forest,49.0,ranking,0,RFE - Random Forest
Total Students 2018-2019,SFS,KNN,1.0,N/A,1,SFS - KNN
Total Students 2020-2021,SFS,KNN,1.0,N/A,1,SFS - KNN
Labor Force Diff,SFS,KNN,0.0,N/A,0,SFS - KNN
Employed Diff,SFS,KNN,1.0,N/A,1,SFS - KNN
Unemployed Level Diff,SFS,KNN,0.0,N/A,0,SFS - KNN
Unemployed Rate Diff,SFS,KNN,0.0,N/A,0,SFS - KNN
Median Age 10,SFS,KNN,1.0,N/A,1,SFS - KNN
Median Age Male 10,SFS,KNN,1.0,N/A,1,SFS - KNN
Median Age Female 10,SFS,KNN,1.0,N/A,1,SFS - KNN
# of Households 10,SFS,KNN,1.0,N/A,1,SFS - KNN
Avg Household Size 10,SFS,KNN,1.0,N/A,1,SFS - KNN
# of Families 10,SFS,KNN,1.0,N/A,1,SFS - KNN
Avg Family Size 10,SFS,KNN,1.0,N/A,1,SFS - KNN
# of Housing Units 10,SFS,KNN,1.0,N/A,1,SFS - KNN
County Population,SFS,KNN,1.0,N/A,1,SFS - KNN
CARES ESSER I 20,SFS,KNN,1.0,N/A,1,SFS - KNN
% School-wide Title I 2020-2021,SFS,KNN,0.0,N/A,0,SFS - KNN
% School-wide Title I 2018-2019,SFS,KNN,1.0,N/A,1,SFS - KNN
% Title I Eligible School 2020-2021,SFS,KNN,1.0,N/A,1,SFS - KNN
% Title I Eligible School 2018-2019,SFS,KNN,1.0,N/A,1,SFS - KNN
Teachers:Students 2020-2021,SFS,KNN,0.0,N/A,0,SFS - KNN
Teachers:Students 2018-2019,SFS,KNN,1.0,N/A,1,SFS - KNN
Staff:Students 2020-2021,SFS,KNN,0.0,N/A,0,SFS - KNN
Staff:Students 2018-2019,SFS,KNN,1.0,N/A,1,SFS - KNN
% Free Lunch 2020-2021,SFS,KNN,1.0,N/A,1,SFS - KNN
% Free Lunch 2018-2019,SFS,KNN,1.0,N/A,1,SFS - KNN
% Reduced-price Lunch 2020-2021,SFS,KNN,1.0,N/A,1,SFS - KNN
% Reduced-price Lunch 2018-2019,SFS,KNN,0.0,N/A,0,SFS - KNN
% Asian or Asian/Pacific Islander Students 2020-2021,SFS,KNN,1.0,N/A,1,SFS - KNN
% Asian or Asian/Pacific Islander Students 2018-2019,SFS,KNN,1.0,N/A,1,SFS - KNN
% Hispanic Students 2020-2021,SFS,KNN,1.0,N/A,1,SFS - KNN
% Hispanic Students 2018-2019,SFS,KNN,1.0,N/A,1,SFS - KNN
% Black or African American Students 2020-2021,SFS,KNN,1.0,N/A,1,SFS - KNN
% Black or African American Students 2018-2019,SFS,KNN,1.0,N/A,1,SFS - KNN
% White Students 2020-2021,SFS,KNN,1.0,N/A,1,SFS - KNN
% White Students 2018-2019,SFS,KNN,0.0,N/A,0,SFS - KNN
% Grades 1-8 2020-2021,SFS,KNN,0.0,N/A,0,SFS - KNN
% Grades 1-8 2018-2019,SFS,KNN,0.0,N/A,0,SFS - KNN
% Grades 9-12 2020-2021,SFS,KNN,0.0,N/A,0,SFS - KNN
% Grades 9-12 2018-2019,SFS,KNN,1.0,N/A,1,SFS - KNN
% Prek 2020-2021,SFS,KNN,0.0,N/A,0,SFS - KNN
% Prek 2018-2019,SFS,KNN,0.0,N/A,0,SFS - KNN
% K 2020-2021,SFS,KNN,0.0,N/A,0,SFS - KNN
% K 2018-2019,SFS,KNN,0.0,N/A,0,SFS - KNN
% ADA 2018-2019,SFS,KNN,0.0,N/A,0,SFS - KNN
% ADA 2020-2021,SFS,KNN,1.0,N/A,1,SFS - KNN
% Students Tested Math - Grade 3 2018-2019,SFS,KNN,0.0,N/A,0,SFS - KNN
% Students Tested Math - Grade 4 2018-2019,SFS,KNN,0.0,N/A,0,SFS - KNN
% Students Tested Math - Grade 5 2018-2019,SFS,KNN,0.0,N/A,0,SFS - KNN
% Students Tested Math - Grade 6 2018-2019,SFS,KNN,0.0,N/A,0,SFS - KNN
% Students Tested Math - Grade 7 2018-2019,SFS,KNN,0.0,N/A,0,SFS - KNN
% Students Tested Math - Grade 8 2018-2019,SFS,KNN,0.0,N/A,0,SFS - KNN
% Students Tested Math - Grade 3 2020-2021,SFS,KNN,1.0,N/A,1,SFS - KNN
% Students Tested Math - Grade 4 2020-2021,SFS,KNN,1.0,N/A,1,SFS - KNN
% Students Tested Math - Grade 5 2020-2021,SFS,KNN,1.0,N/A,1,SFS - KNN
% Students Tested Math - Grade 6 2020-2021,SFS,KNN,0.0,N/A,0,SFS - KNN
% Students Tested Math - Grade 7 2020-2021,SFS,KNN,0.0,N/A,0,SFS - KNN
% Students Tested Math - Grade 8 2020-2021,SFS,KNN,0.0,N/A,0,SFS - KNN
Average Score Math All Grade 3 2018-2019,SFS,KNN,1.0,N/A,1,SFS - KNN
Average Score Math All Grade 4 2018-2019,SFS,KNN,1.0,N/A,1,SFS - KNN
Average Score Math All Grade 5 2018-2019,SFS,KNN,1.0,N/A,1,SFS - KNN
Average Score Math All Grade 6 2018-2019,SFS,KNN,0.0,N/A,0,SFS - KNN
Average Score Math All Grade 7 2018-2019,SFS,KNN,0.0,N/A,0,SFS - KNN
Average Score Math All Grade 8 2018-2019,SFS,KNN,0.0,N/A,0,SFS - KNN
% County Infected 09/28/20,SFS,KNN,0.0,N/A,0,SFS - KNN
% County Deaths 09/28/20,SFS,KNN,0.0,N/A,0,SFS - KNN
% County Infected 10/30/20,SFS,KNN,1.0,N/A,1,SFS - KNN
% County Deaths 10/30/20,SFS,KNN,1.0,N/A,1,SFS - KNN
% County Infected 01/29/21,SFS,KNN,0.0,N/A,0,SFS - KNN
% County Deaths 01/29/21,SFS,KNN,0.0,N/A,0,SFS - KNN
% On Campus 09/28/20,SFS,KNN,1.0,N/A,1,SFS - KNN
% On Campus 10/30/20,SFS,KNN,1.0,N/A,1,SFS - KNN
% On Campus 01/29/21,SFS,KNN,1.0,N/A,1,SFS - KNN
% White Pop 10,SFS,KNN,0.0,N/A,0,SFS - KNN
% Black Pop 10,SFS,KNN,0.0,N/A,0,SFS - KNN
% Asian Pop 10,SFS,KNN,1.0,N/A,1,SFS - KNN
% Hispanic Pop 10,SFS,KNN,1.0,N/A,1,SFS - KNN
% Male Pop 10,SFS,KNN,1.0,N/A,1,SFS - KNN
% Female Pop 10,SFS,KNN,0.0,N/A,0,SFS - KNN
% Age 0-4 Pop 10,SFS,KNN,0.0,N/A,0,SFS - KNN
% Age 5-9 Pop 10,SFS,KNN,0.0,N/A,0,SFS - KNN
% Age 10-14 Pop 10,SFS,KNN,0.0,N/A,0,SFS - KNN
% Age 15-19 Pop 10,SFS,KNN,0.0,N/A,0,SFS - KNN
% Age 20-24 Pop 10,SFS,KNN,0.0,N/A,0,SFS - KNN
% Age 25-34 Pop 10,SFS,KNN,0.0,N/A,0,SFS - KNN
% Age 35-44 Pop 10,SFS,KNN,0.0,N/A,0,SFS - KNN
% Age 45-54 Pop 10,SFS,KNN,0.0,N/A,0,SFS - KNN
% Age 55-64 Pop 10,SFS,KNN,0.0,N/A,0,SFS - KNN
% Age 65-74 Pop 10,SFS,KNN,0.0,N/A,0,SFS - KNN
% Age 75-84 Pop 10,SFS,KNN,0.0,N/A,0,SFS - KNN
% Age 85-Up Pop 10,SFS,KNN,0.0,N/A,0,SFS - KNN
% HH 1 Male 10,SFS,KNN,0.0,N/A,0,SFS - KNN
% HH 1 Female 10,SFS,KNN,0.0,N/A,0,SFS - KNN
% HH Married-Child 10,SFS,KNN,1.0,N/A,1,SFS - KNN
% HH Married-noChild 10,SFS,KNN,0.0,N/A,0,SFS - KNN
% HH Male-Child 10,SFS,KNN,0.0,N/A,0,SFS - KNN
% HH Female-Child 10,SFS,KNN,0.0,N/A,0,SFS - KNN
% Housing Vacant 10,SFS,KNN,0.0,N/A,0,SFS - KNN
% Housing Owner Occup 10,SFS,KNN,0.0,N/A,0,SFS - KNN
% Housing Renter Occup 10,SFS,KNN,0.0,N/A,0,SFS - KNN
Total Schools Diff,SFS,KNN,0.0,N/A,0,SFS - KNN
% Operational Schools Diff,SFS,KNN,1.0,N/A,1,SFS - KNN
Locale_11-City: Large,SFS,KNN,1.0,N/A,1,SFS - KNN
Locale_12-City: Mid-size,SFS,KNN,1.0,N/A,1,SFS - KNN
Locale_13-City: Small,SFS,KNN,1.0,N/A,1,SFS - KNN
Locale_21-Suburb: Large,SFS,KNN,1.0,N/A,1,SFS - KNN
Locale_22-Suburb: Mid-size,SFS,KNN,1.0,N/A,1,SFS - KNN
Locale_23-Suburb: Small,SFS,KNN,1.0,N/A,1,SFS - KNN
Locale_31-Town: Fringe,SFS,KNN,1.0,N/A,1,SFS - KNN
Locale_32-Town: Distant,SFS,KNN,1.0,N/A,1,SFS - KNN
Locale_33-Town: Remote,SFS,KNN,1.0,N/A,1,SFS - KNN
Locale_41-Rural: Fringe,SFS,KNN,1.0,N/A,1,SFS - KNN
Locale_42-Rural: Distant,SFS,KNN,1.0,N/A,1,SFS - KNN
Locale_43-Rural: Remote,SFS,KNN,0.0,N/A,0,SFS - KNN
Total Students 2018-2019,SFS,Ridge,1.0,N/A,1,SFS - Ridge
Total Students 2020-2021,SFS,Ridge,1.0,N/A,1,SFS - Ridge
Labor Force Diff,SFS,Ridge,0.0,N/A,0,SFS - Ridge
Employed Diff,SFS,Ridge,0.0,N/A,0,SFS - Ridge
Unemployed Level Diff,SFS,Ridge,0.0,N/A,0,SFS - Ridge
Unemployed Rate Diff,SFS,Ridge,0.0,N/A,0,SFS - Ridge
Median Age 10,SFS,Ridge,0.0,N/A,0,SFS - Ridge
Median Age Male 10,SFS,Ridge,0.0,N/A,0,SFS - Ridge
Median Age Female 10,SFS,Ridge,0.0,N/A,0,SFS - Ridge
# of Households 10,SFS,Ridge,0.0,N/A,0,SFS - Ridge
Avg Household Size 10,SFS,Ridge,0.0,N/A,0,SFS - Ridge
# of Families 10,SFS,Ridge,0.0,N/A,0,SFS - Ridge
Avg Family Size 10,SFS,Ridge,0.0,N/A,0,SFS - Ridge
# of Housing Units 10,SFS,Ridge,0.0,N/A,0,SFS - Ridge
County Population,SFS,Ridge,0.0,N/A,0,SFS - Ridge
CARES ESSER I 20,SFS,Ridge,1.0,N/A,1,SFS - Ridge
% School-wide Title I 2020-2021,SFS,Ridge,0.0,N/A,0,SFS - Ridge
% School-wide Title I 2018-2019,SFS,Ridge,0.0,N/A,0,SFS - Ridge
% Title I Eligible School 2020-2021,SFS,Ridge,0.0,N/A,0,SFS - Ridge
% Title I Eligible School 2018-2019,SFS,Ridge,0.0,N/A,0,SFS - Ridge
Teachers:Students 2020-2021,SFS,Ridge,1.0,N/A,1,SFS - Ridge
Teachers:Students 2018-2019,SFS,Ridge,1.0,N/A,1,SFS - Ridge
Staff:Students 2020-2021,SFS,Ridge,1.0,N/A,1,SFS - Ridge
Staff:Students 2018-2019,SFS,Ridge,1.0,N/A,1,SFS - Ridge
% Free Lunch 2020-2021,SFS,Ridge,0.0,N/A,0,SFS - Ridge
% Free Lunch 2018-2019,SFS,Ridge,1.0,N/A,1,SFS - Ridge
% Reduced-price Lunch 2020-2021,SFS,Ridge,1.0,N/A,1,SFS - Ridge
% Reduced-price Lunch 2018-2019,SFS,Ridge,1.0,N/A,1,SFS - Ridge
% Asian or Asian/Pacific Islander Students 2020-2021,SFS,Ridge,1.0,N/A,1,SFS - Ridge
% Asian or Asian/Pacific Islander Students 2018-2019,SFS,Ridge,1.0,N/A,1,SFS - Ridge
% Hispanic Students 2020-2021,SFS,Ridge,1.0,N/A,1,SFS - Ridge
% Hispanic Students 2018-2019,SFS,Ridge,1.0,N/A,1,SFS - Ridge
% Black or African American Students 2020-2021,SFS,Ridge,0.0,N/A,0,SFS - Ridge
% Black or African American Students 2018-2019,SFS,Ridge,0.0,N/A,0,SFS - Ridge
% White Students 2020-2021,SFS,Ridge,0.0,N/A,0,SFS - Ridge
% White Students 2018-2019,SFS,Ridge,1.0,N/A,1,SFS - Ridge
% Grades 1-8 2020-2021,SFS,Ridge,1.0,N/A,1,SFS - Ridge
% Grades 1-8 2018-2019,SFS,Ridge,1.0,N/A,1,SFS - Ridge
% Grades 9-12 2020-2021,SFS,Ridge,1.0,N/A,1,SFS - Ridge
% Grades 9-12 2018-2019,SFS,Ridge,1.0,N/A,1,SFS - Ridge
% Prek 2020-2021,SFS,Ridge,1.0,N/A,1,SFS - Ridge
% Prek 2018-2019,SFS,Ridge,0.0,N/A,0,SFS - Ridge
% K 2020-2021,SFS,Ridge,1.0,N/A,1,SFS - Ridge
% K 2018-2019,SFS,Ridge,0.0,N/A,0,SFS - Ridge
% ADA 2018-2019,SFS,Ridge,1.0,N/A,1,SFS - Ridge
% ADA 2020-2021,SFS,Ridge,1.0,N/A,1,SFS - Ridge
% Students Tested Math - Grade 3 2018-2019,SFS,Ridge,1.0,N/A,1,SFS - Ridge
% Students Tested Math - Grade 4 2018-2019,SFS,Ridge,1.0,N/A,1,SFS - Ridge
% Students Tested Math - Grade 5 2018-2019,SFS,Ridge,1.0,N/A,1,SFS - Ridge
% Students Tested Math - Grade 6 2018-2019,SFS,Ridge,0.0,N/A,0,SFS - Ridge
% Students Tested Math - Grade 7 2018-2019,SFS,Ridge,1.0,N/A,1,SFS - Ridge
% Students Tested Math - Grade 8 2018-2019,SFS,Ridge,0.0,N/A,0,SFS - Ridge
% Students Tested Math - Grade 3 2020-2021,SFS,Ridge,0.0,N/A,0,SFS - Ridge
% Students Tested Math - Grade 4 2020-2021,SFS,Ridge,1.0,N/A,1,SFS - Ridge
% Students Tested Math - Grade 5 2020-2021,SFS,Ridge,0.0,N/A,0,SFS - Ridge
% Students Tested Math - Grade 6 2020-2021,SFS,Ridge,1.0,N/A,1,SFS - Ridge
% Students Tested Math - Grade 7 2020-2021,SFS,Ridge,1.0,N/A,1,SFS - Ridge
% Students Tested Math - Grade 8 2020-2021,SFS,Ridge,1.0,N/A,1,SFS - Ridge
Average Score Math All Grade 3 2018-2019,SFS,Ridge,0.0,N/A,0,SFS - Ridge
Average Score Math All Grade 4 2018-2019,SFS,Ridge,0.0,N/A,0,SFS - Ridge
Average Score Math All Grade 5 2018-2019,SFS,Ridge,1.0,N/A,1,SFS - Ridge
Average Score Math All Grade 6 2018-2019,SFS,Ridge,1.0,N/A,1,SFS - Ridge
Average Score Math All Grade 7 2018-2019,SFS,Ridge,0.0,N/A,0,SFS - Ridge
Average Score Math All Grade 8 2018-2019,SFS,Ridge,0.0,N/A,0,SFS - Ridge
% County Infected 09/28/20,SFS,Ridge,0.0,N/A,0,SFS - Ridge
% County Deaths 09/28/20,SFS,Ridge,0.0,N/A,0,SFS - Ridge
% County Infected 10/30/20,SFS,Ridge,0.0,N/A,0,SFS - Ridge
% County Deaths 10/30/20,SFS,Ridge,0.0,N/A,0,SFS - Ridge
% County Infected 01/29/21,SFS,Ridge,1.0,N/A,1,SFS - Ridge
% County Deaths 01/29/21,SFS,Ridge,0.0,N/A,0,SFS - Ridge
% On Campus 09/28/20,SFS,Ridge,0.0,N/A,0,SFS - Ridge
% On Campus 10/30/20,SFS,Ridge,1.0,N/A,1,SFS - Ridge
% On Campus 01/29/21,SFS,Ridge,0.0,N/A,0,SFS - Ridge
% White Pop 10,SFS,Ridge,0.0,N/A,0,SFS - Ridge
% Black Pop 10,SFS,Ridge,0.0,N/A,0,SFS - Ridge
% Asian Pop 10,SFS,Ridge,0.0,N/A,0,SFS - Ridge
% Hispanic Pop 10,SFS,Ridge,1.0,N/A,1,SFS - Ridge
% Male Pop 10,SFS,Ridge,0.0,N/A,0,SFS - Ridge
% Female Pop 10,SFS,Ridge,0.0,N/A,0,SFS - Ridge
% Age 0-4 Pop 10,SFS,Ridge,1.0,N/A,1,SFS - Ridge
% Age 5-9 Pop 10,SFS,Ridge,1.0,N/A,1,SFS - Ridge
% Age 10-14 Pop 10,SFS,Ridge,1.0,N/A,1,SFS - Ridge
% Age 15-19 Pop 10,SFS,Ridge,1.0,N/A,1,SFS - Ridge
% Age 20-24 Pop 10,SFS,Ridge,0.0,N/A,0,SFS - Ridge
% Age 25-34 Pop 10,SFS,Ridge,0.0,N/A,0,SFS - Ridge
% Age 35-44 Pop 10,SFS,Ridge,1.0,N/A,1,SFS - Ridge
% Age 45-54 Pop 10,SFS,Ridge,1.0,N/A,1,SFS - Ridge
% Age 55-64 Pop 10,SFS,Ridge,1.0,N/A,1,SFS - Ridge
% Age 65-74 Pop 10,SFS,Ridge,0.0,N/A,0,SFS - Ridge
% Age 75-84 Pop 10,SFS,Ridge,0.0,N/A,0,SFS - Ridge
% Age 85-Up Pop 10,SFS,Ridge,0.0,N/A,0,SFS - Ridge
% HH 1 Male 10,SFS,Ridge,0.0,N/A,0,SFS - Ridge
% HH 1 Female 10,SFS,Ridge,1.0,N/A,1,SFS - Ridge
% HH Married-Child 10,SFS,Ridge,1.0,N/A,1,SFS - Ridge
% HH Married-noChild 10,SFS,Ridge,1.0,N/A,1,SFS - Ridge
% HH Male-Child 10,SFS,Ridge,0.0,N/A,0,SFS - Ridge
% HH Female-Child 10,SFS,Ridge,1.0,N/A,1,SFS - Ridge
% Housing Vacant 10,SFS,Ridge,1.0,N/A,1,SFS - Ridge
% Housing Owner Occup 10,SFS,Ridge,0.0,N/A,0,SFS - Ridge
% Housing Renter Occup 10,SFS,Ridge,0.0,N/A,0,SFS - Ridge
Total Schools Diff,SFS,Ridge,1.0,N/A,1,SFS - Ridge
% Operational Schools Diff,SFS,Ridge,0.0,N/A,0,SFS - Ridge
Locale_11-City: Large,SFS,Ridge,0.0,N/A,0,SFS - Ridge
Locale_12-City: Mid-size,SFS,Ridge,1.0,N/A,1,SFS - Ridge
Locale_13-City: Small,SFS,Ridge,0.0,N/A,0,SFS - Ridge
Locale_21-Suburb: Large,SFS,Ridge,1.0,N/A,1,SFS - Ridge
Locale_22-Suburb: Mid-size,SFS,Ridge,1.0,N/A,1,SFS - Ridge
Locale_23-Suburb: Small,SFS,Ridge,1.0,N/A,1,SFS - Ridge
Locale_31-Town: Fringe,SFS,Ridge,1.0,N/A,1,SFS - Ridge
Locale_32-Town: Distant,SFS,Ridge,1.0,N/A,1,SFS - Ridge
Locale_33-Town: Remote,SFS,Ridge,1.0,N/A,1,SFS - Ridge
Locale_41-Rural: Fringe,SFS,Ridge,1.0,N/A,1,SFS - Ridge
Locale_42-Rural: Distant,SFS,Ridge,0.0,N/A,0,SFS - Ridge
Locale_43-Rural: Remote,SFS,Ridge,0.0,N/A,0,SFS - Ridge
